sku,name,category,subcategory,brand,supplier,base_price,cost,moq,warranty_months
SKU-00001,Bucher Hydraulics Caudalímetros 349,Instrumentación,Caudalímetros,Bucher Hydraulics,Industrial Flow Partners,435750.0,319405.0,2,6.0
SKU-00002,Bezares Proporcionales 377,Válvulas,Proporcionales,Bezares,Andes Motion,453942.0,345904.0,2,12.0
SKU-00003,Sun Hydraulics Control Flujo 595,Válvulas,Control Flujo,Sun Hydraulics,Hydroline Andina,583995.0,447340.0,1,6.0
SKU-00004,Hydac Proporcionales 114,Válvulas,Proporcionales,Hydac,Pacific Seal Supply,244324.0,196192.0,1,12.0
SKU-00005,Olaer Microcontroladores 602,Control y Electrónica,Microcontroladores,Olaer,Hydroline Andina,1170439.0,869636.0,1,36.0
SKU-00006,Marzocchi Engranaje 589,Motores Hidráulicos,Engranaje,Marzocchi,Tecfluid Norte,2453105.0,2018905.0,1,12.0
SKU-00007,Calzoni Engranaje 187,Motores Hidráulicos,Engranaje,Calzoni,Andes Motion,555594.0,443364.0,1,24.0
SKU-00008,Casappa Direccionales Múltiples 404,Comandos Direccionales,Direccionales Múltiples,Casappa,Andes Motion,1563036.0,1142579.0,2,18.0
SKU-00009,Webtec Tomas de Fuerza 776,Accesorios y Acoples,Tomas de Fuerza,Webtec,Pacific Seal Supply,157152.0,105292.0,1,36.0
SKU-00010,Sun Hydraulics Engranaje 395,Motores Hidráulicos,Engranaje,Sun Hydraulics,Maestranza Integral,2849563.0,2450624.0,2,12.0
SKU-00011,FaberCom Control Remoto 330,Control y Electrónica,Control Remoto,FaberCom,Hydroline Andina,840493.0,580781.0,1,18.0
SKU-00012,Olaer Planetarios 805,Winches,Planetarios,Olaer,Maestranza Integral,892754.0,785624.0,2,18.0
SKU-00013,Olaer Control Presión 356,Válvulas,Control Presión,Olaer,Pacific Seal Supply,443486.0,330841.0,2,36.0
SKU-00014,Sun Hydraulics Engranaje 874,Bombas Hidráulicas,Engranaje,Sun Hydraulics,Industrial Flow Partners,3786420.0,2983699.0,2,24.0
SKU-00015,Hydac Reductores Planetarios 193,Mandos Finales,Reductores Planetarios,Hydac,Industrial Flow Partners,3984052.0,3454173.0,10,36.0
SKU-00016,Scanreco Manómetros 778,Instrumentación,Manómetros,Scanreco,Tecfluid Norte,213003.0,166994.0,2,36.0
SKU-00017,Danfoss Pistones 101,Acumuladores,Pistones,Danfoss,Andes Motion,205045.0,167522.0,2,24.0
SKU-00018,FaberCom Recuperación 152,Winches,Recuperación,FaberCom,Andes Motion,798122.0,668826.0,2,36.0
SKU-00019,Casappa Proporcionales 723,Comandos Direccionales,Proporcionales,Casappa,Maestranza Integral,2327861.0,1825043.0,1,
SKU-00020,Commercial Hydraulics Monoblock 763,Comandos Direccionales,Monoblock,Commercial Hydraulics,Tecfluid Norte,1430997.0,1097575.0,1,18.0
SKU-00021,Webtec Reductores Planetarios 248,Mandos Finales,Reductores Planetarios,Webtec,Pacific Seal Supply,5878964.0,4997119.0,2,6.0
SKU-00022,Brevini Diafragma 619,Acumuladores,Diafragma,Brevini,Pacific Seal Supply,1139735.0,948260.0,2,12.0
SKU-00023,Webtec Cartridge 595,Válvulas,Cartridge,Webtec,Industrial Flow Partners,256381.0,184594.0,2,6.0
SKU-00024,Casappa Retorno 976,Filtros,Retorno,Casappa,Pacific Seal Supply,50248.0,28290.0,1,24.0
SKU-00025,KTR Diafragma 607,Acumuladores,Diafragma,KTR,Industrial Flow Partners,751626.0,549439.0,5,36.0
SKU-00026,Hydac Paleta 115,Bombas Hidráulicas,Paleta,Hydac,Pacific Seal Supply,1594177.0,1377369.0,1,24.0
SKU-00027,Scanreco Microcontroladores 507,Control y Electrónica,Microcontroladores,Scanreco,Industrial Flow Partners,1165450.0,944015.0,2,12.0
SKU-00028,KTR Planetarios 136,Winches,Planetarios,KTR,Industrial Flow Partners,5226382.0,4463330.0,5,18.0
SKU-00029,Sun Hydraulics Acoples Rotex 878,Accesorios y Acoples,Acoples Rotex,Sun Hydraulics,Industrial Flow Partners,172678.0,125710.0,1,18.0
SKU-00030,Rexroth Recuperación 483,Winches,Recuperación,Rexroth,Andes Motion,1415006.0,1222565.0,2,
SKU-00031,Sun Hydraulics Diafragma 491,Acumuladores,Diafragma,Sun Hydraulics,Pacific Seal Supply,665113.0,506151.0,2,
SKU-00032,Bucher Hydraulics Campanas 923,Accesorios y Acoples,Campanas,Bucher Hydraulics,Pacific Seal Supply,40064.0,27925.0,2,36.0
SKU-00033,Casappa Manómetros 806,Instrumentación,Manómetros,Casappa,Maestranza Integral,72101.0,47442.0,2,36.0
SKU-00034,Webtec Control Presión 402,Válvulas,Control Presión,Webtec,Maestranza Integral,799515.0,539673.0,2,24.0
SKU-00035,Parker Control Remoto 952,Control y Electrónica,Control Remoto,Parker,Industrial Flow Partners,505177.0,413740.0,1,24.0
SKU-00036,Brevini Direccional 742,Válvulas,Direccional,Brevini,Tecfluid Norte,194729.0,153446.0,1,36.0
SKU-00037,Webtec Planetarios 279,Winches,Planetarios,Webtec,Andes Motion,683505.0,585080.0,2,12.0
SKU-00038,Casappa Direccionales Múltiples 402,Comandos Direccionales,Direccionales Múltiples,Casappa,Tecfluid Norte,1383429.0,986385.0,2,18.0
SKU-00039,Rexroth Control Remoto 909,Control y Electrónica,Control Remoto,Rexroth,Andes Motion,1157327.0,925862.0,2,24.0
SKU-00040,Olaer Diafragma 753,Acumuladores,Diafragma,Olaer,Pacific Seal Supply,255496.0,204908.0,2,24.0
SKU-00041,Sun Hydraulics Spin-On 750,Filtros,Spin-On,Sun Hydraulics,Andes Motion,10803.0,6190.0,5,6.0
SKU-00042,Scanreco Manómetros 650,Instrumentación,Manómetros,Scanreco,Hydroline Andina,109673.0,72165.0,2,
SKU-00043,FaberCom Reductores Planetarios 258,Mandos Finales,Reductores Planetarios,FaberCom,Tecfluid Norte,5627501.0,4563903.0,2,24.0
SKU-00044,Rexroth Pistones 341,Acumuladores,Pistones,Rexroth,Andes Motion,954226.0,694677.0,2,6.0
SKU-00045,Bezares Spin-On 968,Filtros,Spin-On,Bezares,Pacific Seal Supply,108990.0,67683.0,2,6.0
SKU-00046,Argo Hytos Sensores Presión 905,Instrumentación,Sensores Presión,Argo Hytos,Industrial Flow Partners,394511.0,258010.0,2,6.0
SKU-00047,Poclain Campanas 710,Accesorios y Acoples,Campanas,Poclain,Pacific Seal Supply,55754.0,41314.0,2,6.0
SKU-00048,Denison Pistones Axiales 908,Bombas Hidráulicas,Pistones Axiales,Denison,Maestranza Integral,2499937.0,1879953.0,1,6.0
SKU-00049,KTR Monoblock 559,Comandos Direccionales,Monoblock,KTR,Hydroline Andina,534706.0,450222.0,1,36.0
SKU-00050,Marzocchi Accesorios Estanque 131,Filtros,Accesorios Estanque,Marzocchi,Hydroline Andina,58625.0,41389.0,2,18.0
SKU-00051,Calzoni Pistones Radiales 251,Bombas Hidráulicas,Pistones Radiales,Calzoni,Andes Motion,3134524.0,2513888.0,1,
SKU-00052,Olaer Engranaje 617,Motores Hidráulicos,Engranaje,Olaer,Pacific Seal Supply,3238768.0,2620163.0,5,24.0
SKU-00053,Rexroth Tomas de Fuerza 333,Accesorios y Acoples,Tomas de Fuerza,Rexroth,Industrial Flow Partners,33031.0,21867.0,1,18.0
SKU-00054,FaberCom Vejiga 803,Acumuladores,Vejiga,FaberCom,Andes Motion,670705.0,562051.0,2,12.0
SKU-00055,Poclain Sensores Presión 675,Instrumentación,Sensores Presión,Poclain,Hydroline Andina,83141.0,65349.0,1,24.0
SKU-00056,Rexroth Agua-Aceite 460,Enfriadores,Agua-Aceite,Rexroth,Andes Motion,804156.0,638500.0,1,12.0
SKU-00057,Hydac Pistones 880,Motores Hidráulicos,Pistones,Hydac,Maestranza Integral,942705.0,770190.0,2,24.0
SKU-00058,Sun Hydraulics Proporcionales 949,Válvulas,Proporcionales,Sun Hydraulics,Andes Motion,679995.0,444717.0,1,24.0
SKU-00059,Parker Control Remoto 246,Control y Electrónica,Control Remoto,Parker,Maestranza Integral,364261.0,259718.0,2,
SKU-00060,Poclain Tomas de Fuerza 564,Accesorios y Acoples,Tomas de Fuerza,Poclain,Maestranza Integral,186537.0,112855.0,5,6.0
SKU-00061,Bezares Presión 872,Filtros,Presión,Bezares,Tecfluid Norte,88819.0,52847.0,1,
SKU-00062,Poclain Acoples Rotex 624,Accesorios y Acoples,Acoples Rotex,Poclain,Tecfluid Norte,113563.0,79948.0,10,12.0
SKU-00063,Scanreco Orbitales 713,Motores Hidráulicos,Orbitales,Scanreco,Hydroline Andina,1559583.0,1235190.0,2,
SKU-00064,Argo Hytos Engranaje 609,Bombas Hidráulicas,Engranaje,Argo Hytos,Tecfluid Norte,4262160.0,3226455.0,2,12.0
SKU-00065,Commercial Hydraulics Displays 982,Control y Electrónica,Displays,Commercial Hydraulics,Maestranza Integral,487239.0,351299.0,5,12.0
SKU-00066,Scanreco Joystick 755,Control y Electrónica,Joystick,Scanreco,Hydroline Andina,578717.0,468182.0,2,24.0
SKU-00067,Rexroth Vejiga 470,Acumuladores,Vejiga,Rexroth,Andes Motion,109616.0,88570.0,5,18.0
SKU-00068,Rexroth Orbitales 441,Motores Hidráulicos,Orbitales,Rexroth,Maestranza Integral,2291247.0,1897153.0,5,36.0
SKU-00069,Hydac Reductores Planetarios 938,Mandos Finales,Reductores Planetarios,Hydac,Industrial Flow Partners,1620992.0,1360012.0,2,12.0
SKU-00070,Sun Hydraulics Planetarios 743,Winches,Planetarios,Sun Hydraulics,Hydroline Andina,1305443.0,1143568.0,1,6.0
SKU-00071,Marzocchi Data Loggers 550,Instrumentación,Data Loggers,Marzocchi,Pacific Seal Supply,285876.0,188964.0,2,36.0
SKU-00072,FaberCom Orbitales 138,Motores Hidráulicos,Orbitales,FaberCom,Industrial Flow Partners,1653538.0,1395586.0,1,12.0
SKU-00073,Webtec Pistones Axiales 910,Bombas Hidráulicas,Pistones Axiales,Webtec,Hydroline Andina,2954299.0,2138912.0,2,18.0
SKU-00074,FaberCom Joystick 930,Control y Electrónica,Joystick,FaberCom,Pacific Seal Supply,799613.0,619700.0,2,
SKU-00075,Hydac Spin-On 262,Filtros,Spin-On,Hydac,Industrial Flow Partners,27327.0,19129.0,2,24.0
SKU-00076,Webtec Retorno 437,Filtros,Retorno,Webtec,Andes Motion,53782.0,36679.0,5,36.0
SKU-00077,Calzoni Pistones 779,Motores Hidráulicos,Pistones,Calzoni,Tecfluid Norte,1409580.0,1083967.0,1,12.0
SKU-00078,Webtec Reductores Planetarios 758,Mandos Finales,Reductores Planetarios,Webtec,Industrial Flow Partners,5829056.0,4972185.0,1,12.0
SKU-00079,Hydac Presión 319,Filtros,Presión,Hydac,Hydroline Andina,80355.0,53436.0,2,12.0
SKU-00080,Argo Hytos Alta Presión 955,Filtros,Alta Presión,Argo Hytos,Maestranza Integral,119997.0,86278.0,1,24.0
SKU-00081,KTR Joystick 269,Control y Electrónica,Joystick,KTR,Pacific Seal Supply,200706.0,153942.0,5,24.0
SKU-00082,Danfoss Displays 902,Control y Electrónica,Displays,Danfoss,Andes Motion,468944.0,337171.0,5,12.0
SKU-00083,Casappa Caudalímetros 684,Instrumentación,Caudalímetros,Casappa,Maestranza Integral,206397.0,140144.0,1,12.0
SKU-00084,Webtec Data Loggers 356,Instrumentación,Data Loggers,Webtec,Andes Motion,316657.0,233376.0,1,24.0
SKU-00085,Bezares Pistones Radiales 264,Bombas Hidráulicas,Pistones Radiales,Bezares,Pacific Seal Supply,4214177.0,3228060.0,1,12.0
SKU-00086,Hydac Control Presión 524,Válvulas,Control Presión,Hydac,Maestranza Integral,669061.0,537925.0,2,12.0
SKU-00087,Hydac Pistones Radiales 959,Bombas Hidráulicas,Pistones Radiales,Hydac,Tecfluid Norte,1175635.0,847633.0,1,12.0
SKU-00088,Denison Control Remoto 730,Control y Electrónica,Control Remoto,Denison,Maestranza Integral,94049.0,65082.0,1,36.0
SKU-00089,Parker Engranaje 343,Bombas Hidráulicas,Engranaje,Parker,Tecfluid Norte,1088098.0,931412.0,2,
SKU-00090,Danfoss Cartridge 116,Válvulas,Cartridge,Danfoss,Maestranza Integral,350365.0,240000.0,1,18.0
SKU-00091,Marzocchi Recuperación 291,Winches,Recuperación,Marzocchi,Maestranza Integral,4451994.0,3850975.0,2,6.0
SKU-00092,Poclain Recuperación 144,Winches,Recuperación,Poclain,Pacific Seal Supply,5860600.0,5227655.0,1,18.0
SKU-00093,Bezares Izado 206,Winches,Izado,Bezares,Tecfluid Norte,4610241.0,3950977.0,1,36.0
SKU-00094,Denison Adaptadores 286,Accesorios y Acoples,Adaptadores,Denison,Hydroline Andina,91313.0,65654.0,2,36.0
SKU-00095,FaberCom Reductores Planetarios 627,Mandos Finales,Reductores Planetarios,FaberCom,Hydroline Andina,2912787.0,2606944.0,1,12.0
SKU-00096,Bucher Hydraulics Pistones 227,Acumuladores,Pistones,Bucher Hydraulics,Tecfluid Norte,132001.0,101113.0,1,36.0
SKU-00097,Calzoni Alta Presión 476,Filtros,Alta Presión,Calzoni,Industrial Flow Partners,57251.0,32003.0,2,18.0
SKU-00098,Poclain Agua-Aceite 205,Enfriadores,Agua-Aceite,Poclain,Industrial Flow Partners,935324.0,770707.0,1,24.0
SKU-00099,Webtec Orbitales 844,Motores Hidráulicos,Orbitales,Webtec,Tecfluid Norte,2340396.0,1841892.0,10,12.0
SKU-00100,Scanreco Accesorios Estanque 867,Filtros,Accesorios Estanque,Scanreco,Tecfluid Norte,79621.0,47136.0,2,12.0
SKU-00101,Parker Planetarios 760,Winches,Planetarios,Parker,Maestranza Integral,5167681.0,4232331.0,1,
SKU-00102,Calzoni Retorno 178,Filtros,Retorno,Calzoni,Pacific Seal Supply,11627.0,8360.0,2,12.0
SKU-00103,Hydac Campanas 611,Accesorios y Acoples,Campanas,Hydac,Tecfluid Norte,102518.0,67969.0,1,
SKU-00104,Casappa Agua-Aceite 602,Enfriadores,Agua-Aceite,Casappa,Hydroline Andina,634287.0,536607.0,2,36.0
SKU-00105,Denison Direccionales Múltiples 427,Comandos Direccionales,Direccionales Múltiples,Denison,Hydroline Andina,1195862.0,855041.0,1,36.0
SKU-00106,Poclain Izado 224,Winches,Izado,Poclain,Pacific Seal Supply,3481942.0,2761180.0,2,12.0
SKU-00107,Sun Hydraulics Direccionales Múltiples 167,Comandos Direccionales,Direccionales Múltiples,Sun Hydraulics,Andes Motion,182556.0,140020.0,1,24.0
SKU-00108,Bucher Hydraulics Control Presión 560,Válvulas,Control Presión,Bucher Hydraulics,Pacific Seal Supply,343366.0,257524.0,1,12.0
SKU-00109,Denison Manómetros 156,Instrumentación,Manómetros,Denison,Pacific Seal Supply,394683.0,305090.0,2,24.0
SKU-00110,Denison Pistones 966,Motores Hidráulicos,Pistones,Denison,Tecfluid Norte,990354.0,829917.0,2,24.0
SKU-00111,Argo Hytos Orbitales 706,Motores Hidráulicos,Orbitales,Argo Hytos,Industrial Flow Partners,4790488.0,4043172.0,1,24.0
SKU-00112,Commercial Hydraulics Campanas 129,Accesorios y Acoples,Campanas,Commercial Hydraulics,Industrial Flow Partners,157997.0,97642.0,5,
SKU-00113,Marzocchi Engranaje 658,Motores Hidráulicos,Engranaje,Marzocchi,Tecfluid Norte,3325424.0,2593831.0,1,18.0
SKU-00114,Bucher Hydraulics Control Flujo 550,Válvulas,Control Flujo,Bucher Hydraulics,Maestranza Integral,648633.0,456638.0,1,36.0
SKU-00115,FaberCom Vejiga 453,Acumuladores,Vejiga,FaberCom,Maestranza Integral,563073.0,467914.0,2,36.0
SKU-00116,Bezares Diafragma 199,Acumuladores,Diafragma,Bezares,Pacific Seal Supply,877545.0,709934.0,2,18.0
SKU-00117,Calzoni Pistones Axiales 294,Bombas Hidráulicas,Pistones Axiales,Calzoni,Pacific Seal Supply,1968886.0,1429411.0,2,24.0
SKU-00118,Hydac Reductores Planetarios 346,Mandos Finales,Reductores Planetarios,Hydac,Andes Motion,4391070.0,3789493.0,10,24.0
SKU-00119,Bezares Monoblock 967,Comandos Direccionales,Monoblock,Bezares,Hydroline Andina,240286.0,186462.0,2,12.0
SKU-00120,Denison Orbitales 299,Motores Hidráulicos,Orbitales,Denison,Tecfluid Norte,3692039.0,2883482.0,2,
SKU-00121,Webtec Accesorios Estanque 503,Filtros,Accesorios Estanque,Webtec,Hydroline Andina,51271.0,33839.0,1,6.0
SKU-00122,Casappa Retorno 830,Filtros,Retorno,Casappa,Tecfluid Norte,92556.0,65715.0,1,
SKU-00123,Hydac Alta Presión 731,Filtros,Alta Presión,Hydac,Andes Motion,24681.0,14093.0,2,6.0
SKU-00124,Marzocchi Control Remoto 477,Control y Electrónica,Control Remoto,Marzocchi,Tecfluid Norte,633412.0,474426.0,5,18.0
SKU-00125,Scanreco Spin-On 771,Filtros,Spin-On,Scanreco,Pacific Seal Supply,42460.0,24202.0,1,24.0
SKU-00126,Danfoss Campanas 348,Accesorios y Acoples,Campanas,Danfoss,Pacific Seal Supply,122710.0,84179.0,2,6.0
SKU-00127,Argo Hytos Engranaje 726,Bombas Hidráulicas,Engranaje,Argo Hytos,Hydroline Andina,2068518.0,1681705.0,2,18.0
SKU-00128,Denison Sensores Presión 277,Instrumentación,Sensores Presión,Denison,Pacific Seal Supply,148185.0,111287.0,5,18.0
SKU-00129,Casappa Manómetros 352,Instrumentación,Manómetros,Casappa,Tecfluid Norte,415245.0,278214.0,2,24.0
SKU-00130,Webtec Proporcionales 424,Válvulas,Proporcionales,Webtec,Maestranza Integral,754651.0,492787.0,1,36.0
SKU-00131,Casappa Manómetros 891,Instrumentación,Manómetros,Casappa,Industrial Flow Partners,185871.0,145351.0,2,18.0
SKU-00132,Danfoss Reductores Planetarios 306,Mandos Finales,Reductores Planetarios,Danfoss,Tecfluid Norte,7678259.0,6841329.0,2,36.0
SKU-00133,Casappa Agua-Aceite 643,Enfriadores,Agua-Aceite,Casappa,Industrial Flow Partners,652500.0,565065.0,1,6.0
SKU-00134,Sun Hydraulics Monoblock 663,Comandos Direccionales,Monoblock,Sun Hydraulics,Hydroline Andina,358471.0,286777.0,5,6.0
SKU-00135,Bucher Hydraulics Reductores Planetarios 887,Mandos Finales,Reductores Planetarios,Bucher Hydraulics,Andes Motion,5483879.0,4436458.0,5,36.0
SKU-00136,Marzocchi Pistones 280,Motores Hidráulicos,Pistones,Marzocchi,Maestranza Integral,2768731.0,2176223.0,1,18.0
SKU-00137,Bucher Hydraulics Pistones Radiales 717,Bombas Hidráulicas,Pistones Radiales,Bucher Hydraulics,Maestranza Integral,4224248.0,3066804.0,1,
SKU-00138,Webtec Orbitales 297,Motores Hidráulicos,Orbitales,Webtec,Andes Motion,4947677.0,4002671.0,1,24.0
SKU-00139,Commercial Hydraulics Orbitales 875,Motores Hidráulicos,Orbitales,Commercial Hydraulics,Industrial Flow Partners,2402789.0,2035162.0,2,12.0
SKU-00140,Brevini Direccionales Múltiples 289,Comandos Direccionales,Direccionales Múltiples,Brevini,Industrial Flow Partners,2254962.0,1637102.0,1,18.0
SKU-00141,KTR Reductores Planetarios 840,Mandos Finales,Reductores Planetarios,KTR,Maestranza Integral,849177.0,725197.0,2,12.0
SKU-00142,Olaer Acoples Rotex 802,Accesorios y Acoples,Acoples Rotex,Olaer,Industrial Flow Partners,93090.0,68607.0,2,12.0
SKU-00143,Rexroth Agua-Aceite 565,Enfriadores,Agua-Aceite,Rexroth,Industrial Flow Partners,1844841.0,1553356.0,1,6.0
SKU-00144,Scanreco Control Remoto 710,Control y Electrónica,Control Remoto,Scanreco,Industrial Flow Partners,681620.0,513941.0,1,6.0
SKU-00145,FaberCom Pistones 307,Motores Hidráulicos,Pistones,FaberCom,Pacific Seal Supply,3578077.0,3112927.0,1,24.0
SKU-00146,Commercial Hydraulics Campanas 556,Accesorios y Acoples,Campanas,Commercial Hydraulics,Tecfluid Norte,214349.0,150044.0,2,
SKU-00147,Denison Pistones Radiales 505,Bombas Hidráulicas,Pistones Radiales,Denison,Pacific Seal Supply,1957097.0,1546107.0,5,12.0
SKU-00148,Argo Hytos Cartridge 583,Válvulas,Cartridge,Argo Hytos,Pacific Seal Supply,81598.0,61035.0,1,
SKU-00149,Scanreco Pistones Axiales 491,Bombas Hidráulicas,Pistones Axiales,Scanreco,Maestranza Integral,3495028.0,2645736.0,2,12.0
SKU-00150,Calzoni Data Loggers 650,Instrumentación,Data Loggers,Calzoni,Hydroline Andina,419156.0,293828.0,2,
SKU-00151,Denison Pistones 657,Acumuladores,Pistones,Denison,Industrial Flow Partners,1469789.0,1089114.0,2,18.0
SKU-00152,Calzoni Pistones 529,Acumuladores,Pistones,Calzoni,Maestranza Integral,431467.0,347331.0,1,
SKU-00153,Sun Hydraulics Acoples Rotex 511,Accesorios y Acoples,Acoples Rotex,Sun Hydraulics,Maestranza Integral,21486.0,14460.0,1,6.0
SKU-00154,Casappa Caudalímetros 849,Instrumentación,Caudalímetros,Casappa,Maestranza Integral,460000.0,314640.0,2,6.0
SKU-00155,Marzocchi Adaptadores 523,Accesorios y Acoples,Adaptadores,Marzocchi,Pacific Seal Supply,194272.0,122974.0,1,36.0
SKU-00156,Danfoss Control Flujo 452,Válvulas,Control Flujo,Danfoss,Pacific Seal Supply,760103.0,509269.0,10,24.0
SKU-00157,Calzoni Recuperación 584,Winches,Recuperación,Calzoni,Pacific Seal Supply,2253040.0,1915084.0,2,6.0
SKU-00158,Webtec Direccionales Múltiples 237,Comandos Direccionales,Direccionales Múltiples,Webtec,Industrial Flow Partners,463557.0,362038.0,2,18.0
SKU-00159,Olaer Diafragma 949,Acumuladores,Diafragma,Olaer,Maestranza Integral,548973.0,461137.0,2,
SKU-00160,Olaer Direccionales Múltiples 672,Comandos Direccionales,Direccionales Múltiples,Olaer,Andes Motion,1723339.0,1309738.0,1,24.0
SKU-00161,Argo Hytos Proporcionales 872,Comandos Direccionales,Proporcionales,Argo Hytos,Tecfluid Norte,841588.0,600894.0,1,36.0
SKU-00162,Brevini Caudalímetros 764,Instrumentación,Caudalímetros,Brevini,Industrial Flow Partners,146572.0,97177.0,2,18.0
SKU-00163,Olaer Retorno 427,Filtros,Retorno,Olaer,Tecfluid Norte,65435.0,42598.0,5,18.0
SKU-00164,KTR Proporcionales 698,Comandos Direccionales,Proporcionales,KTR,Andes Motion,228803.0,164738.0,1,12.0
SKU-00165,Webtec Tomas de Fuerza 801,Accesorios y Acoples,Tomas de Fuerza,Webtec,Maestranza Integral,53067.0,39217.0,1,18.0
SKU-00166,Bucher Hydraulics Retorno 659,Filtros,Retorno,Bucher Hydraulics,Industrial Flow Partners,79870.0,52075.0,2,6.0
SKU-00167,Casappa Caudalímetros 106,Instrumentación,Caudalímetros,Casappa,Industrial Flow Partners,575625.0,415026.0,1,36.0
SKU-00168,Sun Hydraulics Diafragma 782,Acumuladores,Diafragma,Sun Hydraulics,Hydroline Andina,1084181.0,920470.0,5,
SKU-00169,Bucher Hydraulics Tomas de Fuerza 117,Accesorios y Acoples,Tomas de Fuerza,Bucher Hydraulics,Hydroline Andina,6620.0,4508.0,2,24.0
SKU-00170,Commercial Hydraulics Agua-Aceite 506,Enfriadores,Agua-Aceite,Commercial Hydraulics,Hydroline Andina,1848390.0,1500893.0,5,12.0
SKU-00171,Calzoni Orbitales 978,Motores Hidráulicos,Orbitales,Calzoni,Andes Motion,2912010.0,2186920.0,5,
SKU-00172,Poclain Planetarios 611,Winches,Planetarios,Poclain,Andes Motion,2585952.0,2156684.0,1,36.0
SKU-00173,KTR Pistones 988,Acumuladores,Pistones,KTR,Pacific Seal Supply,1467807.0,1061224.0,1,6.0
SKU-00174,Olaer Displays 422,Control y Electrónica,Displays,Olaer,Hydroline Andina,1112783.0,805655.0,1,6.0
SKU-00175,Marzocchi Paleta 346,Bombas Hidráulicas,Paleta,Marzocchi,Maestranza Integral,3422307.0,2621487.0,1,12.0
SKU-00176,Casappa Tomas de Fuerza 863,Accesorios y Acoples,Tomas de Fuerza,Casappa,Tecfluid Norte,99042.0,64080.0,5,36.0
SKU-00177,Rexroth Spin-On 379,Filtros,Spin-On,Rexroth,Andes Motion,34000.0,24990.0,2,12.0
SKU-00178,Sun Hydraulics Data Loggers 890,Instrumentación,Data Loggers,Sun Hydraulics,Tecfluid Norte,345232.0,256853.0,5,36.0
SKU-00179,Sun Hydraulics Adaptadores 469,Accesorios y Acoples,Adaptadores,Sun Hydraulics,Industrial Flow Partners,23009.0,16843.0,1,36.0
SKU-00180,Parker Engranaje 670,Motores Hidráulicos,Engranaje,Parker,Tecfluid Norte,2334732.0,1823426.0,1,6.0
SKU-00181,Rexroth Agua-Aceite 523,Enfriadores,Agua-Aceite,Rexroth,Hydroline Andina,315795.0,255162.0,2,18.0
SKU-00182,Casappa Diafragma 604,Acumuladores,Diafragma,Casappa,Maestranza Integral,892184.0,738728.0,1,12.0
SKU-00183,Commercial Hydraulics Reductores Planetarios 838,Mandos Finales,Reductores Planetarios,Commercial Hydraulics,Andes Motion,2786925.0,2407903.0,2,12.0
SKU-00184,Brevini Izado 489,Winches,Izado,Brevini,Pacific Seal Supply,1575515.0,1397482.0,2,12.0
SKU-00185,KTR Alta Presión 811,Filtros,Alta Presión,KTR,Andes Motion,99333.0,57414.0,1,12.0
SKU-00186,KTR Proporcionales 433,Comandos Direccionales,Proporcionales,KTR,Maestranza Integral,2415688.0,1703060.0,2,24.0
SKU-00187,Calzoni Vejiga 663,Acumuladores,Vejiga,Calzoni,Tecfluid Norte,241721.0,187817.0,5,6.0
SKU-00188,Argo Hytos Pistones Radiales 748,Bombas Hidráulicas,Pistones Radiales,Argo Hytos,Andes Motion,3619932.0,2704089.0,2,36.0
SKU-00189,Olaer Direccional 510,Válvulas,Direccional,Olaer,Industrial Flow Partners,144461.0,108057.0,2,24.0
SKU-00190,Casappa Agua-Aceite 773,Enfriadores,Agua-Aceite,Casappa,Hydroline Andina,1612834.0,1343491.0,1,
SKU-00191,Commercial Hydraulics Izado 540,Winches,Izado,Commercial Hydraulics,Industrial Flow Partners,3869728.0,3219614.0,2,12.0
SKU-00192,Rexroth Engranaje 574,Motores Hidráulicos,Engranaje,Rexroth,Tecfluid Norte,1265605.0,990969.0,1,18.0
SKU-00193,Hydac Recuperación 847,Winches,Recuperación,Hydac,Maestranza Integral,2397321.0,2150397.0,2,
SKU-00194,Webtec Reductores Planetarios 813,Mandos Finales,Reductores Planetarios,Webtec,Tecfluid Norte,4078395.0,3568596.0,2,
SKU-00195,Poclain Manómetros 919,Instrumentación,Manómetros,Poclain,Tecfluid Norte,55469.0,38440.0,2,36.0
SKU-00196,Hydac Reductores Planetarios 744,Mandos Finales,Reductores Planetarios,Hydac,Maestranza Integral,4773754.0,4105428.0,10,6.0
SKU-00197,Scanreco Reductores Planetarios 319,Mandos Finales,Reductores Planetarios,Scanreco,Andes Motion,1010184.0,834412.0,2,18.0
SKU-00198,Poclain Proporcionales 368,Comandos Direccionales,Proporcionales,Poclain,Pacific Seal Supply,362170.0,260400.0,2,6.0
SKU-00199,Hydac Izado 568,Winches,Izado,Hydac,Industrial Flow Partners,2223723.0,1896836.0,1,12.0
SKU-00200,Webtec Campanas 482,Accesorios y Acoples,Campanas,Webtec,Pacific Seal Supply,149591.0,98580.0,1,12.0
SKU-00201,Hydac Microcontroladores 810,Control y Electrónica,Microcontroladores,Hydac,Andes Motion,530975.0,425311.0,1,18.0
SKU-00202,Casappa Planetarios 467,Winches,Planetarios,Casappa,Maestranza Integral,3193031.0,2819446.0,2,24.0
SKU-00203,Denison Pistones Radiales 525,Bombas Hidráulicas,Pistones Radiales,Denison,Maestranza Integral,3696189.0,2683433.0,2,18.0
SKU-00204,Bucher Hydraulics Displays 650,Control y Electrónica,Displays,Bucher Hydraulics,Maestranza Integral,145071.0,118378.0,2,
SKU-00205,FaberCom Direccional 893,Válvulas,Direccional,FaberCom,Pacific Seal Supply,600452.0,414312.0,1,24.0
SKU-00206,Casappa Agua-Aceite 769,Enfriadores,Agua-Aceite,Casappa,Hydroline Andina,1556008.0,1280595.0,2,
SKU-00207,Danfoss Proporcionales 855,Comandos Direccionales,Proporcionales,Danfoss,Andes Motion,745500.0,537506.0,1,6.0
SKU-00208,Brevini Adaptadores 645,Accesorios y Acoples,Adaptadores,Brevini,Industrial Flow Partners,109901.0,73524.0,1,
SKU-00209,Casappa Proporcionales 795,Válvulas,Proporcionales,Casappa,Maestranza Integral,275832.0,193082.0,2,24.0
SKU-00210,Scanreco Engranaje 429,Motores Hidráulicos,Engranaje,Scanreco,Hydroline Andina,4963934.0,3807337.0,1,6.0
SKU-00211,Calzoni Monoblock 913,Comandos Direccionales,Monoblock,Calzoni,Andes Motion,458368.0,346068.0,2,18.0
SKU-00212,Hydac Orbitales 989,Motores Hidráulicos,Orbitales,Hydac,Industrial Flow Partners,1535483.0,1163896.0,2,12.0
SKU-00213,FaberCom Joystick 944,Control y Electrónica,Joystick,FaberCom,Industrial Flow Partners,813765.0,626599.0,2,6.0
SKU-00214,Olaer Proporcionales 880,Comandos Direccionales,Proporcionales,Olaer,Tecfluid Norte,2091458.0,1671075.0,10,12.0
SKU-00215,Rexroth Engranaje 538,Bombas Hidráulicas,Engranaje,Rexroth,Industrial Flow Partners,3559920.0,2869296.0,1,18.0
SKU-00216,Denison Monoblock 184,Comandos Direccionales,Monoblock,Denison,Industrial Flow Partners,838440.0,602838.0,1,36.0
SKU-00217,Danfoss Presión 197,Filtros,Presión,Danfoss,Andes Motion,78068.0,47231.0,2,36.0
SKU-00218,Bucher Hydraulics Paleta 936,Bombas Hidráulicas,Paleta,Bucher Hydraulics,Hydroline Andina,727244.0,613794.0,1,
SKU-00219,Denison Orbitales 406,Motores Hidráulicos,Orbitales,Denison,Andes Motion,539976.0,448180.0,1,
SKU-00220,Denison Reductores Planetarios 550,Mandos Finales,Reductores Planetarios,Denison,Industrial Flow Partners,7949169.0,7019116.0,1,24.0
SKU-00221,Denison Presión 703,Filtros,Presión,Denison,Andes Motion,77001.0,50975.0,1,6.0
SKU-00222,Bezares Displays 714,Control y Electrónica,Displays,Bezares,Andes Motion,411679.0,329343.0,1,6.0
SKU-00223,Parker Control Remoto 761,Control y Electrónica,Control Remoto,Parker,Industrial Flow Partners,1057201.0,836246.0,2,36.0
SKU-00224,Bucher Hydraulics Paleta 235,Bombas Hidráulicas,Paleta,Bucher Hydraulics,Andes Motion,640435.0,512348.0,1,12.0
SKU-00225,Scanreco Pistones 114,Acumuladores,Pistones,Scanreco,Tecfluid Norte,855826.0,708624.0,1,
SKU-00226,Danfoss Direccional 184,Válvulas,Direccional,Danfoss,Hydroline Andina,760227.0,571691.0,2,18.0
SKU-00227,Casappa Recuperación 500,Winches,Recuperación,Casappa,Pacific Seal Supply,1339742.0,1192370.0,1,6.0
SKU-00228,Webtec Acoples Rotex 218,Accesorios y Acoples,Acoples Rotex,Webtec,Industrial Flow Partners,112184.0,68208.0,1,
SKU-00229,Webtec Sensores Presión 267,Instrumentación,Sensores Presión,Webtec,Industrial Flow Partners,452765.0,311955.0,5,6.0
SKU-00230,Hydac Manómetros 375,Instrumentación,Manómetros,Hydac,Pacific Seal Supply,476303.0,329602.0,1,36.0
SKU-00231,Parker Joystick 468,Control y Electrónica,Joystick,Parker,Tecfluid Norte,978174.0,764932.0,1,18.0
SKU-00232,Marzocchi Pistones Radiales 102,Bombas Hidráulicas,Pistones Radiales,Marzocchi,Maestranza Integral,1749442.0,1467782.0,1,6.0
SKU-00233,Sun Hydraulics Engranaje 831,Bombas Hidráulicas,Engranaje,Sun Hydraulics,Hydroline Andina,2202176.0,1803582.0,1,24.0
SKU-00234,Sun Hydraulics Displays 614,Control y Electrónica,Displays,Sun Hydraulics,Tecfluid Norte,335503.0,232168.0,1,24.0
SKU-00235,Commercial Hydraulics Planetarios 892,Winches,Planetarios,Commercial Hydraulics,Maestranza Integral,4923859.0,3850458.0,1,18.0
SKU-00236,Poclain Control Flujo 575,Válvulas,Control Flujo,Poclain,Pacific Seal Supply,378978.0,286886.0,2,36.0
SKU-00237,Bucher Hydraulics Accesorios Estanque 124,Filtros,Accesorios Estanque,Bucher Hydraulics,Maestranza Integral,90036.0,57713.0,1,
SKU-00238,Bezares Monoblock 855,Comandos Direccionales,Monoblock,Bezares,Industrial Flow Partners,2118186.0,1520858.0,1,36.0
SKU-00239,Rexroth Control Remoto 195,Control y Electrónica,Control Remoto,Rexroth,Maestranza Integral,659287.0,518859.0,1,6.0
SKU-00240,Hydac Paleta 236,Bombas Hidráulicas,Paleta,Hydac,Andes Motion,3198684.0,2622921.0,1,24.0
SKU-00241,Poclain Izado 422,Winches,Izado,Poclain,Pacific Seal Supply,3623014.0,3072316.0,2,12.0
SKU-00242,KTR Pistones 208,Acumuladores,Pistones,KTR,Tecfluid Norte,722916.0,592791.0,1,24.0
SKU-00243,FaberCom Reductores Planetarios 371,Mandos Finales,Reductores Planetarios,FaberCom,Tecfluid Norte,3726890.0,3115680.0,1,18.0
SKU-00244,Commercial Hydraulics Engranaje 828,Motores Hidráulicos,Engranaje,Commercial Hydraulics,Industrial Flow Partners,1660232.0,1308263.0,1,12.0
SKU-00245,Calzoni Proporcionales 975,Comandos Direccionales,Proporcionales,Calzoni,Pacific Seal Supply,236502.0,190384.0,1,
SKU-00246,Rexroth Caudalímetros 943,Instrumentación,Caudalímetros,Rexroth,Andes Motion,88087.0,59987.0,1,6.0
SKU-00247,Poclain Vejiga 554,Acumuladores,Vejiga,Poclain,Pacific Seal Supply,912289.0,666883.0,1,6.0
SKU-00248,KTR Reductores Planetarios 130,Mandos Finales,Reductores Planetarios,KTR,Hydroline Andina,1107413.0,935764.0,2,36.0
SKU-00249,Scanreco Pistones 734,Acumuladores,Pistones,Scanreco,Maestranza Integral,582599.0,426462.0,2,6.0
SKU-00250,Webtec Campanas 304,Accesorios y Acoples,Campanas,Webtec,Andes Motion,105938.0,72144.0,2,18.0
SKU-00251,Sun Hydraulics Recuperación 657,Winches,Recuperación,Sun Hydraulics,Industrial Flow Partners,5967480.0,4982846.0,2,36.0
SKU-00252,Marzocchi Manómetros 897,Instrumentación,Manómetros,Marzocchi,Pacific Seal Supply,213315.0,161906.0,1,
SKU-00253,Bucher Hydraulics Cartridge 346,Válvulas,Cartridge,Bucher Hydraulics,Pacific Seal Supply,302010.0,217749.0,1,
SKU-00254,Danfoss Proporcionales 425,Válvulas,Proporcionales,Danfoss,Maestranza Integral,471161.0,307668.0,1,6.0
SKU-00255,Marzocchi Control Remoto 956,Control y Electrónica,Control Remoto,Marzocchi,Hydroline Andina,858971.0,662267.0,1,24.0
SKU-00256,Commercial Hydraulics Manómetros 439,Instrumentación,Manómetros,Commercial Hydraulics,Andes Motion,51639.0,40898.0,1,24.0
SKU-00257,Denison Campanas 700,Accesorios y Acoples,Campanas,Denison,Tecfluid Norte,180650.0,111100.0,2,
SKU-00258,Rexroth Microcontroladores 409,Control y Electrónica,Microcontroladores,Rexroth,Pacific Seal Supply,1039770.0,713282.0,2,24.0
SKU-00259,Commercial Hydraulics Presión 675,Filtros,Presión,Commercial Hydraulics,Industrial Flow Partners,114254.0,67638.0,2,6.0
SKU-00260,Sun Hydraulics Control Remoto 101,Control y Electrónica,Control Remoto,Sun Hydraulics,Industrial Flow Partners,727293.0,578198.0,2,6.0
SKU-00261,Marzocchi Displays 206,Control y Electrónica,Displays,Marzocchi,Hydroline Andina,259394.0,201030.0,5,6.0
SKU-00262,KTR Caudalímetros 846,Instrumentación,Caudalímetros,KTR,Industrial Flow Partners,74350.0,55614.0,1,36.0
SKU-00263,Parker Alta Presión 495,Filtros,Alta Presión,Parker,Tecfluid Norte,31485.0,19237.0,1,36.0
SKU-00264,Commercial Hydraulics Data Loggers 691,Instrumentación,Data Loggers,Commercial Hydraulics,Andes Motion,311057.0,231115.0,1,18.0
SKU-00265,Sun Hydraulics Recuperación 207,Winches,Recuperación,Sun Hydraulics,Maestranza Integral,2982081.0,2397593.0,1,12.0
SKU-00266,Commercial Hydraulics Orbitales 728,Motores Hidráulicos,Orbitales,Commercial Hydraulics,Andes Motion,972342.0,845938.0,1,12.0
SKU-00267,Scanreco Sensores Presión 294,Instrumentación,Sensores Presión,Scanreco,Industrial Flow Partners,124048.0,82740.0,1,12.0
SKU-00268,Casappa Pistones 502,Acumuladores,Pistones,Casappa,Industrial Flow Partners,1394315.0,1087566.0,2,6.0
SKU-00269,Denison Tomas de Fuerza 311,Accesorios y Acoples,Tomas de Fuerza,Denison,Hydroline Andina,93403.0,65662.0,2,6.0
SKU-00270,Poclain Reductores Planetarios 757,Mandos Finales,Reductores Planetarios,Poclain,Andes Motion,6875137.0,5933243.0,2,36.0
SKU-00271,Commercial Hydraulics Agua-Aceite 331,Enfriadores,Agua-Aceite,Commercial Hydraulics,Tecfluid Norte,1788161.0,1487750.0,2,18.0
SKU-00272,Danfoss Proporcionales 874,Válvulas,Proporcionales,Danfoss,Maestranza Integral,607982.0,429843.0,2,24.0
SKU-00273,Casappa Campanas 587,Accesorios y Acoples,Campanas,Casappa,Hydroline Andina,210995.0,133560.0,2,24.0
SKU-00274,Calzoni Cartridge 559,Válvulas,Cartridge,Calzoni,Industrial Flow Partners,51915.0,37535.0,1,
SKU-00275,Argo Hytos Reductores Planetarios 742,Mandos Finales,Reductores Planetarios,Argo Hytos,Maestranza Integral,1708539.0,1450550.0,2,6.0
SKU-00276,KTR Reductores Planetarios 382,Mandos Finales,Reductores Planetarios,KTR,Industrial Flow Partners,7382052.0,6584790.0,2,24.0
SKU-00277,Parker Agua-Aceite 702,Enfriadores,Agua-Aceite,Parker,Industrial Flow Partners,1302657.0,1057757.0,2,6.0
SKU-00278,Rexroth Acoples Rotex 770,Accesorios y Acoples,Acoples Rotex,Rexroth,Pacific Seal Supply,195988.0,125236.0,2,18.0
SKU-00279,Danfoss Data Loggers 439,Instrumentación,Data Loggers,Danfoss,Maestranza Integral,186986.0,145475.0,2,
SKU-00280,Danfoss Microcontroladores 963,Control y Electrónica,Microcontroladores,Danfoss,Industrial Flow Partners,596501.0,466464.0,2,12.0
SKU-00281,Sun Hydraulics Sensores Presión 719,Instrumentación,Sensores Presión,Sun Hydraulics,Maestranza Integral,201274.0,138477.0,2,12.0
SKU-00282,Argo Hytos Planetarios 262,Winches,Planetarios,Argo Hytos,Andes Motion,1662648.0,1331781.0,2,
SKU-00283,Hydac Orbitales 952,Motores Hidráulicos,Orbitales,Hydac,Andes Motion,851119.0,654511.0,1,6.0
SKU-00284,Sun Hydraulics Direccionales Múltiples 617,Comandos Direccionales,Direccionales Múltiples,Sun Hydraulics,Hydroline Andina,1206348.0,858920.0,2,12.0
SKU-00285,Rexroth Pistones 458,Acumuladores,Pistones,Rexroth,Industrial Flow Partners,123400.0,98967.0,1,18.0
SKU-00286,Olaer Presión 898,Filtros,Presión,Olaer,Industrial Flow Partners,101057.0,73974.0,1,6.0
SKU-00287,Sun Hydraulics Direccionales Múltiples 235,Comandos Direccionales,Direccionales Múltiples,Sun Hydraulics,Industrial Flow Partners,612020.0,460239.0,5,
SKU-00288,Brevini Planetarios 972,Winches,Planetarios,Brevini,Hydroline Andina,1730735.0,1431318.0,2,18.0
SKU-00289,Olaer Alta Presión 623,Filtros,Alta Presión,Olaer,Maestranza Integral,60270.0,37066.0,2,24.0
SKU-00290,Casappa Izado 383,Winches,Izado,Casappa,Industrial Flow Partners,3765749.0,3261139.0,2,
SKU-00291,Olaer Izado 346,Winches,Izado,Olaer,Tecfluid Norte,4108658.0,3229405.0,2,6.0
SKU-00292,KTR Pistones Radiales 514,Bombas Hidráulicas,Pistones Radiales,KTR,Industrial Flow Partners,758693.0,664615.0,2,12.0
SKU-00293,Danfoss Pistones 903,Acumuladores,Pistones,Danfoss,Pacific Seal Supply,1085458.0,842315.0,1,36.0
SKU-00294,Hydac Manómetros 231,Instrumentación,Manómetros,Hydac,Tecfluid Norte,511889.0,345013.0,1,12.0
SKU-00295,Casappa Control Remoto 992,Control y Electrónica,Control Remoto,Casappa,Maestranza Integral,1138962.0,790440.0,1,12.0
SKU-00296,KTR Control Presión 697,Válvulas,Control Presión,KTR,Tecfluid Norte,226933.0,174738.0,2,
SKU-00297,Bucher Hydraulics Acoples Rotex 974,Accesorios y Acoples,Acoples Rotex,Bucher Hydraulics,Maestranza Integral,127617.0,79633.0,2,18.0
SKU-00298,Argo Hytos Reductores Planetarios 832,Mandos Finales,Reductores Planetarios,Argo Hytos,Tecfluid Norte,3746181.0,3116823.0,2,6.0
SKU-00299,Bucher Hydraulics Reductores Planetarios 879,Mandos Finales,Reductores Planetarios,Bucher Hydraulics,Tecfluid Norte,5343436.0,4696880.0,1,18.0
SKU-00300,Bucher Hydraulics Reductores Planetarios 138,Mandos Finales,Reductores Planetarios,Bucher Hydraulics,Hydroline Andina,1731723.0,1468501.0,2,18.0
SKU-00301,Bezares Agua-Aceite 851,Enfriadores,Agua-Aceite,Bezares,Hydroline Andina,1800212.0,1407766.0,1,36.0
SKU-00302,Bezares Direccionales Múltiples 405,Comandos Direccionales,Direccionales Múltiples,Bezares,Tecfluid Norte,426855.0,338069.0,1,
SKU-00303,Hydac Control Presión 601,Válvulas,Control Presión,Hydac,Pacific Seal Supply,431191.0,321668.0,1,12.0
SKU-00304,Commercial Hydraulics Presión 616,Filtros,Presión,Commercial Hydraulics,Andes Motion,10142.0,7150.0,1,36.0
SKU-00305,Bezares Reductores Planetarios 708,Mandos Finales,Reductores Planetarios,Bezares,Industrial Flow Partners,5483891.0,4913566.0,2,24.0
SKU-00306,Parker Engranaje 256,Bombas Hidráulicas,Engranaje,Parker,Hydroline Andina,3150411.0,2561284.0,5,12.0
SKU-00307,Parker Monoblock 207,Comandos Direccionales,Monoblock,Parker,Tecfluid Norte,1121674.0,936598.0,1,18.0
SKU-00308,Webtec Agua-Aceite 466,Enfriadores,Agua-Aceite,Webtec,Hydroline Andina,1601806.0,1305472.0,2,24.0
SKU-00309,Webtec Displays 113,Control y Electrónica,Displays,Webtec,Maestranza Integral,95317.0,71583.0,2,12.0
SKU-00310,Rexroth Planetarios 362,Winches,Planetarios,Rexroth,Pacific Seal Supply,4179621.0,3686426.0,1,36.0
SKU-00311,FaberCom Planetarios 793,Winches,Planetarios,FaberCom,Tecfluid Norte,1952688.0,1745703.0,1,12.0
SKU-00312,Rexroth Alta Presión 436,Filtros,Alta Presión,Rexroth,Hydroline Andina,103340.0,59110.0,1,36.0
SKU-00313,Brevini Alta Presión 567,Filtros,Alta Presión,Brevini,Tecfluid Norte,106389.0,77770.0,1,
SKU-00314,Bucher Hydraulics Control Presión 704,Válvulas,Control Presión,Bucher Hydraulics,Andes Motion,527856.0,361581.0,1,6.0
SKU-00315,Commercial Hydraulics Data Loggers 215,Instrumentación,Data Loggers,Commercial Hydraulics,Pacific Seal Supply,246458.0,183858.0,1,18.0
SKU-00316,Danfoss Vejiga 631,Acumuladores,Vejiga,Danfoss,Hydroline Andina,451490.0,365255.0,1,36.0
SKU-00317,Scanreco Agua-Aceite 671,Enfriadores,Agua-Aceite,Scanreco,Industrial Flow Partners,1494306.0,1220848.0,2,6.0
SKU-00318,Parker Acoples Rotex 603,Accesorios y Acoples,Acoples Rotex,Parker,Industrial Flow Partners,233921.0,161172.0,2,6.0
SKU-00319,KTR Presión 554,Filtros,Presión,KTR,Tecfluid Norte,13639.0,9615.0,2,6.0
SKU-00320,Poclain Tomas de Fuerza 136,Accesorios y Acoples,Tomas de Fuerza,Poclain,Andes Motion,114532.0,86930.0,1,
SKU-00321,Poclain Agua-Aceite 449,Enfriadores,Agua-Aceite,Poclain,Pacific Seal Supply,1931867.0,1539698.0,2,36.0
SKU-00322,Sun Hydraulics Spin-On 199,Filtros,Spin-On,Sun Hydraulics,Andes Motion,45181.0,26973.0,2,36.0
SKU-00323,Parker Planetarios 268,Winches,Planetarios,Parker,Tecfluid Norte,2453264.0,2021490.0,2,36.0
SKU-00324,Scanreco Caudalímetros 900,Instrumentación,Caudalímetros,Scanreco,Hydroline Andina,174945.0,134883.0,2,6.0
SKU-00325,KTR Monoblock 703,Comandos Direccionales,Monoblock,KTR,Hydroline Andina,1922015.0,1620259.0,1,18.0
SKU-00326,Bucher Hydraulics Agua-Aceite 281,Enfriadores,Agua-Aceite,Bucher Hydraulics,Hydroline Andina,1131174.0,988646.0,2,24.0
SKU-00327,Denison Microcontroladores 809,Control y Electrónica,Microcontroladores,Denison,Hydroline Andina,495516.0,364700.0,2,18.0
SKU-00328,Calzoni Proporcionales 866,Comandos Direccionales,Proporcionales,Calzoni,Tecfluid Norte,2429770.0,1900080.0,2,24.0
SKU-00329,Casappa Agua-Aceite 397,Enfriadores,Agua-Aceite,Casappa,Tecfluid Norte,1466968.0,1111962.0,1,6.0
SKU-00330,Denison Izado 460,Winches,Izado,Denison,Industrial Flow Partners,4075475.0,3199248.0,2,36.0
SKU-00331,Marzocchi Agua-Aceite 532,Enfriadores,Agua-Aceite,Marzocchi,Pacific Seal Supply,1893946.0,1492429.0,5,12.0
SKU-00332,Parker Engranaje 249,Bombas Hidráulicas,Engranaje,Parker,Andes Motion,782171.0,604618.0,1,12.0
SKU-00333,Argo Hytos Pistones Axiales 498,Bombas Hidráulicas,Pistones Axiales,Argo Hytos,Pacific Seal Supply,290533.0,217900.0,1,36.0
SKU-00334,Webtec Monoblock 861,Comandos Direccionales,Monoblock,Webtec,Industrial Flow Partners,1701495.0,1209763.0,2,24.0
SKU-00335,Brevini Direccional 659,Válvulas,Direccional,Brevini,Andes Motion,668237.0,444378.0,5,12.0
SKU-00336,Argo Hytos Microcontroladores 486,Control y Electrónica,Microcontroladores,Argo Hytos,Tecfluid Norte,566137.0,386105.0,1,36.0
SKU-00337,Olaer Pistones Radiales 258,Bombas Hidráulicas,Pistones Radiales,Olaer,Pacific Seal Supply,1299442.0,1109723.0,1,12.0
SKU-00338,KTR Paleta 663,Bombas Hidráulicas,Paleta,KTR,Pacific Seal Supply,371221.0,271363.0,2,18.0
SKU-00339,KTR Spin-On 649,Filtros,Spin-On,KTR,Pacific Seal Supply,32636.0,23269.0,5,6.0
SKU-00340,Bezares Diafragma 733,Acumuladores,Diafragma,Bezares,Maestranza Integral,1334423.0,1019499.0,2,6.0
SKU-00341,Casappa Agua-Aceite 349,Enfriadores,Agua-Aceite,Casappa,Industrial Flow Partners,166287.0,131866.0,5,24.0
SKU-00342,Calzoni Pistones Axiales 556,Bombas Hidráulicas,Pistones Axiales,Calzoni,Hydroline Andina,1828560.0,1451877.0,2,24.0
SKU-00343,Webtec Sensores Presión 741,Instrumentación,Sensores Presión,Webtec,Industrial Flow Partners,139732.0,101026.0,1,24.0
SKU-00344,Argo Hytos Engranaje 173,Motores Hidráulicos,Engranaje,Argo Hytos,Industrial Flow Partners,2236205.0,1936554.0,2,36.0
SKU-00345,Parker Microcontroladores 688,Control y Electrónica,Microcontroladores,Parker,Andes Motion,874399.0,712635.0,1,12.0
SKU-00346,Scanreco Proporcionales 106,Comandos Direccionales,Proporcionales,Scanreco,Andes Motion,1193679.0,941813.0,2,36.0
SKU-00347,Brevini Recuperación 208,Winches,Recuperación,Brevini,Hydroline Andina,4657783.0,3865960.0,1,12.0
SKU-00348,Brevini Control Flujo 325,Válvulas,Control Flujo,Brevini,Hydroline Andina,243176.0,160983.0,1,18.0
SKU-00349,Casappa Reductores Planetarios 111,Mandos Finales,Reductores Planetarios,Casappa,Tecfluid Norte,7712967.0,6810550.0,5,36.0
SKU-00350,Rexroth Agua-Aceite 859,Enfriadores,Agua-Aceite,Rexroth,Hydroline Andina,159305.0,127763.0,1,12.0
SKU-00351,Argo Hytos Control Remoto 358,Control y Electrónica,Control Remoto,Argo Hytos,Andes Motion,1091472.0,765122.0,1,6.0
SKU-00352,Commercial Hydraulics Direccionales Múltiples 397,Comandos Direccionales,Direccionales Múltiples,Commercial Hydraulics,Industrial Flow Partners,2023191.0,1460744.0,10,36.0
SKU-00353,Olaer Planetarios 340,Winches,Planetarios,Olaer,Hydroline Andina,1585797.0,1316212.0,2,6.0
SKU-00354,Brevini Orbitales 698,Motores Hidráulicos,Orbitales,Brevini,Hydroline Andina,4520569.0,3792757.0,5,36.0
SKU-00355,KTR Reductores Planetarios 383,Mandos Finales,Reductores Planetarios,KTR,Andes Motion,2014204.0,1736244.0,5,36.0
SKU-00356,KTR Presión 721,Filtros,Presión,KTR,Andes Motion,59839.0,40571.0,5,
SKU-00357,Denison Orbitales 746,Motores Hidráulicos,Orbitales,Denison,Pacific Seal Supply,1142873.0,897155.0,1,
SKU-00358,Marzocchi Pistones Radiales 474,Bombas Hidráulicas,Pistones Radiales,Marzocchi,Maestranza Integral,4092421.0,3241197.0,2,36.0
SKU-00359,Marzocchi Diafragma 110,Acumuladores,Diafragma,Marzocchi,Industrial Flow Partners,1297173.0,1080545.0,1,18.0
SKU-00360,Brevini Planetarios 775,Winches,Planetarios,Brevini,Industrial Flow Partners,1412140.0,1183373.0,1,24.0
SKU-00361,Bezares Reductores Planetarios 311,Mandos Finales,Reductores Planetarios,Bezares,Hydroline Andina,2375498.0,1997794.0,2,6.0
SKU-00362,Calzoni Agua-Aceite 633,Enfriadores,Agua-Aceite,Calzoni,Andes Motion,1848119.0,1413811.0,5,
SKU-00363,Olaer Izado 955,Winches,Izado,Olaer,Pacific Seal Supply,3493925.0,3071160.0,2,24.0
SKU-00364,Olaer Pistones 718,Motores Hidráulicos,Pistones,Olaer,Andes Motion,4868836.0,4143379.0,2,18.0
SKU-00365,FaberCom Paleta 716,Bombas Hidráulicas,Paleta,FaberCom,Maestranza Integral,1150460.0,918067.0,1,6.0
SKU-00366,Sun Hydraulics Joystick 265,Control y Electrónica,Joystick,Sun Hydraulics,Andes Motion,982849.0,706668.0,2,18.0
SKU-00367,Parker Izado 686,Winches,Izado,Parker,Maestranza Integral,737294.0,612691.0,5,24.0
SKU-00368,Commercial Hydraulics Reductores Planetarios 941,Mandos Finales,Reductores Planetarios,Commercial Hydraulics,Tecfluid Norte,7441617.0,6236075.0,1,36.0
SKU-00369,Argo Hytos Cartridge 913,Válvulas,Cartridge,Argo Hytos,Andes Motion,495058.0,366343.0,1,18.0
SKU-00370,Brevini Campanas 335,Accesorios y Acoples,Campanas,Brevini,Industrial Flow Partners,130147.0,97610.0,2,24.0
SKU-00371,Denison Vejiga 281,Acumuladores,Vejiga,Denison,Hydroline Andina,103519.0,80952.0,2,6.0
SKU-00372,Casappa Sensores Presión 634,Instrumentación,Sensores Presión,Casappa,Pacific Seal Supply,458858.0,360662.0,1,36.0
SKU-00373,Danfoss Vejiga 859,Acumuladores,Vejiga,Danfoss,Industrial Flow Partners,832339.0,682518.0,2,12.0
SKU-00374,Scanreco Joystick 656,Control y Electrónica,Joystick,Scanreco,Maestranza Integral,342696.0,244342.0,1,12.0
SKU-00375,Argo Hytos Vejiga 770,Acumuladores,Vejiga,Argo Hytos,Hydroline Andina,1086991.0,811982.0,1,24.0
SKU-00376,KTR Monoblock 533,Comandos Direccionales,Monoblock,KTR,Andes Motion,982202.0,812281.0,2,12.0
SKU-00377,Brevini Adaptadores 668,Accesorios y Acoples,Adaptadores,Brevini,Tecfluid Norte,247991.0,175578.0,2,6.0
SKU-00378,Webtec Manómetros 901,Instrumentación,Manómetros,Webtec,Pacific Seal Supply,226283.0,157040.0,1,36.0
SKU-00379,Rexroth Microcontroladores 153,Control y Electrónica,Microcontroladores,Rexroth,Maestranza Integral,634595.0,450562.0,5,36.0
SKU-00380,Parker Reductores Planetarios 479,Mandos Finales,Reductores Planetarios,Parker,Hydroline Andina,6727439.0,5671231.0,1,
SKU-00381,Danfoss Pistones 158,Motores Hidráulicos,Pistones,Danfoss,Industrial Flow Partners,2044765.0,1537663.0,2,36.0
SKU-00382,FaberCom Reductores Planetarios 713,Mandos Finales,Reductores Planetarios,FaberCom,Hydroline Andina,2252292.0,1849132.0,5,6.0
SKU-00383,Brevini Agua-Aceite 898,Enfriadores,Agua-Aceite,Brevini,Maestranza Integral,1396945.0,1163655.0,1,
SKU-00384,Calzoni Vejiga 843,Acumuladores,Vejiga,Calzoni,Andes Motion,912234.0,714279.0,1,
SKU-00385,Bezares Agua-Aceite 279,Enfriadores,Agua-Aceite,Bezares,Tecfluid Norte,568647.0,429328.0,2,24.0
SKU-00386,Rexroth Pistones 688,Acumuladores,Pistones,Rexroth,Pacific Seal Supply,182788.0,148424.0,2,24.0
SKU-00387,Calzoni Control Presión 700,Válvulas,Control Presión,Calzoni,Pacific Seal Supply,399813.0,311454.0,2,36.0
SKU-00388,Rexroth Pistones Radiales 461,Bombas Hidráulicas,Pistones Radiales,Rexroth,Tecfluid Norte,443861.0,345768.0,1,12.0
SKU-00389,Olaer Agua-Aceite 282,Enfriadores,Agua-Aceite,Olaer,Maestranza Integral,681486.0,564270.0,2,
SKU-00390,Bezares Manómetros 340,Instrumentación,Manómetros,Bezares,Maestranza Integral,539760.0,410218.0,1,18.0
SKU-00391,Olaer Microcontroladores 222,Control y Electrónica,Microcontroladores,Olaer,Maestranza Integral,313589.0,220453.0,2,6.0
SKU-00392,Bucher Hydraulics Pistones 604,Motores Hidráulicos,Pistones,Bucher Hydraulics,Pacific Seal Supply,231794.0,178250.0,2,12.0
SKU-00393,Bucher Hydraulics Adaptadores 638,Accesorios y Acoples,Adaptadores,Bucher Hydraulics,Maestranza Integral,246177.0,151399.0,1,24.0
SKU-00394,Casappa Vejiga 815,Acumuladores,Vejiga,Casappa,Hydroline Andina,793515.0,634018.0,2,18.0
SKU-00395,KTR Agua-Aceite 982,Enfriadores,Agua-Aceite,KTR,Industrial Flow Partners,165574.0,131135.0,1,12.0
SKU-00396,Casappa Direccional 315,Válvulas,Direccional,Casappa,Tecfluid Norte,208783.0,154499.0,5,6.0
SKU-00397,Bezares Pistones 933,Acumuladores,Pistones,Bezares,Tecfluid Norte,1293143.0,1052618.0,2,24.0
SKU-00398,Olaer Pistones 280,Motores Hidráulicos,Pistones,Olaer,Maestranza Integral,2865632.0,2203671.0,1,18.0
SKU-00399,Denison Vejiga 681,Acumuladores,Vejiga,Denison,Industrial Flow Partners,814150.0,615497.0,2,12.0
SKU-00400,Rexroth Pistones Radiales 366,Bombas Hidráulicas,Pistones Radiales,Rexroth,Industrial Flow Partners,860537.0,728014.0,1,18.0
SKU-00401,Casappa Retorno 720,Filtros,Retorno,Casappa,Pacific Seal Supply,112367.0,78432.0,1,12.0
SKU-00402,Marzocchi Monoblock 599,Comandos Direccionales,Monoblock,Marzocchi,Industrial Flow Partners,1664932.0,1371904.0,5,12.0
SKU-00403,Poclain Displays 445,Control y Electrónica,Displays,Poclain,Andes Motion,755713.0,570563.0,1,36.0
SKU-00404,Brevini Pistones 768,Acumuladores,Pistones,Brevini,Pacific Seal Supply,654777.0,479297.0,2,6.0
SKU-00405,Brevini Control Flujo 561,Válvulas,Control Flujo,Brevini,Industrial Flow Partners,331478.0,221759.0,2,36.0
SKU-00406,Commercial Hydraulics Diafragma 205,Acumuladores,Diafragma,Commercial Hydraulics,Hydroline Andina,257557.0,210939.0,1,6.0
SKU-00407,Bucher Hydraulics Engranaje 259,Motores Hidráulicos,Engranaje,Bucher Hydraulics,Pacific Seal Supply,458362.0,357522.0,1,
SKU-00408,Calzoni Pistones 274,Motores Hidráulicos,Pistones,Calzoni,Tecfluid Norte,1300909.0,1019913.0,1,6.0
SKU-00409,Bezares Engranaje 814,Bombas Hidráulicas,Engranaje,Bezares,Tecfluid Norte,3909449.0,3147106.0,2,24.0
SKU-00410,Marzocchi Agua-Aceite 646,Enfriadores,Agua-Aceite,Marzocchi,Pacific Seal Supply,994605.0,778776.0,2,24.0
SKU-00411,Bucher Hydraulics Control Flujo 110,Válvulas,Control Flujo,Bucher Hydraulics,Pacific Seal Supply,201025.0,161825.0,2,12.0
SKU-00412,Bezares Paleta 540,Bombas Hidráulicas,Paleta,Bezares,Tecfluid Norte,2191011.0,1925899.0,2,12.0
SKU-00413,Sun Hydraulics Proporcionales 832,Válvulas,Proporcionales,Sun Hydraulics,Hydroline Andina,449864.0,354493.0,2,18.0
SKU-00414,Calzoni Displays 391,Control y Electrónica,Displays,Calzoni,Maestranza Integral,352427.0,268197.0,5,36.0
SKU-00415,Casappa Recuperación 732,Winches,Recuperación,Casappa,Tecfluid Norte,2770971.0,2211235.0,2,
SKU-00416,Brevini Manómetros 388,Instrumentación,Manómetros,Brevini,Andes Motion,137040.0,109221.0,1,6.0
SKU-00417,FaberCom Direccional 904,Válvulas,Direccional,FaberCom,Industrial Flow Partners,31358.0,25243.0,1,12.0
SKU-00418,FaberCom Manómetros 501,Instrumentación,Manómetros,FaberCom,Industrial Flow Partners,481112.0,360834.0,1,
SKU-00419,Bucher Hydraulics Pistones 831,Motores Hidráulicos,Pistones,Bucher Hydraulics,Maestranza Integral,1122523.0,865465.0,1,
SKU-00420,FaberCom Proporcionales 313,Comandos Direccionales,Proporcionales,FaberCom,Maestranza Integral,1875533.0,1584825.0,1,24.0
SKU-00421,Webtec Data Loggers 405,Instrumentación,Data Loggers,Webtec,Tecfluid Norte,120409.0,83203.0,1,12.0
SKU-00422,Danfoss Proporcionales 382,Comandos Direccionales,Proporcionales,Danfoss,Industrial Flow Partners,638336.0,531734.0,5,
SKU-00423,Calzoni Acoples Rotex 480,Accesorios y Acoples,Acoples Rotex,Calzoni,Maestranza Integral,7188.0,5549.0,10,36.0
SKU-00424,Commercial Hydraulics Engranaje 257,Motores Hidráulicos,Engranaje,Commercial Hydraulics,Andes Motion,638727.0,510982.0,1,
SKU-00425,Denison Joystick 121,Control y Electrónica,Joystick,Denison,Andes Motion,317576.0,216904.0,2,18.0
SKU-00426,Bezares Displays 813,Control y Electrónica,Displays,Bezares,Industrial Flow Partners,204942.0,142230.0,2,24.0
SKU-00427,Marzocchi Caudalímetros 560,Instrumentación,Caudalímetros,Marzocchi,Maestranza Integral,339864.0,255238.0,1,
SKU-00428,Casappa Control Flujo 472,Válvulas,Control Flujo,Casappa,Tecfluid Norte,376911.0,259315.0,1,
SKU-00429,KTR Campanas 884,Accesorios y Acoples,Campanas,KTR,Industrial Flow Partners,20519.0,12435.0,1,24.0
SKU-00430,Brevini Agua-Aceite 232,Enfriadores,Agua-Aceite,Brevini,Tecfluid Norte,746810.0,595208.0,1,
SKU-00431,Argo Hytos Reductores Planetarios 738,Mandos Finales,Reductores Planetarios,Argo Hytos,Hydroline Andina,4294666.0,3813663.0,2,36.0
SKU-00432,Danfoss Control Remoto 952,Control y Electrónica,Control Remoto,Danfoss,Tecfluid Norte,303831.0,218758.0,1,36.0
SKU-00433,Danfoss Orbitales 731,Motores Hidráulicos,Orbitales,Danfoss,Tecfluid Norte,2878495.0,2181899.0,2,36.0
SKU-00434,Danfoss Proporcionales 336,Válvulas,Proporcionales,Danfoss,Industrial Flow Partners,79551.0,61095.0,5,
SKU-00435,Argo Hytos Agua-Aceite 525,Enfriadores,Agua-Aceite,Argo Hytos,Maestranza Integral,1123455.0,952690.0,1,24.0
SKU-00436,Marzocchi Joystick 663,Control y Electrónica,Joystick,Marzocchi,Tecfluid Norte,825666.0,596131.0,1,6.0
SKU-00437,KTR Pistones 432,Acumuladores,Pistones,KTR,Industrial Flow Partners,304611.0,219320.0,2,12.0
SKU-00438,Scanreco Alta Presión 360,Filtros,Alta Presión,Scanreco,Industrial Flow Partners,44227.0,31047.0,2,24.0
SKU-00439,FaberCom Alta Presión 409,Filtros,Alta Presión,FaberCom,Andes Motion,8022.0,5960.0,1,24.0
SKU-00440,Sun Hydraulics Pistones Axiales 623,Bombas Hidráulicas,Pistones Axiales,Sun Hydraulics,Maestranza Integral,3872384.0,3396081.0,5,12.0
SKU-00441,Rexroth Agua-Aceite 930,Enfriadores,Agua-Aceite,Rexroth,Hydroline Andina,1001684.0,861448.0,5,6.0
SKU-00442,Marzocchi Cartridge 945,Válvulas,Cartridge,Marzocchi,Andes Motion,466025.0,364898.0,2,18.0
SKU-00443,Brevini Joystick 442,Control y Electrónica,Joystick,Brevini,Industrial Flow Partners,395452.0,283935.0,1,
SKU-00444,Scanreco Alta Presión 747,Filtros,Alta Presión,Scanreco,Hydroline Andina,105416.0,74318.0,5,
SKU-00445,Webtec Diafragma 849,Acumuladores,Diafragma,Webtec,Pacific Seal Supply,138479.0,108014.0,1,6.0
SKU-00446,Brevini Vejiga 184,Acumuladores,Vejiga,Brevini,Pacific Seal Supply,796716.0,654104.0,2,6.0
SKU-00447,Casappa Sensores Presión 592,Instrumentación,Sensores Presión,Casappa,Andes Motion,179658.0,132947.0,5,6.0
SKU-00448,Bucher Hydraulics Agua-Aceite 173,Enfriadores,Agua-Aceite,Bucher Hydraulics,Andes Motion,1356660.0,1159944.0,5,24.0
SKU-00449,KTR Control Presión 428,Válvulas,Control Presión,KTR,Industrial Flow Partners,741207.0,596672.0,2,12.0
SKU-00450,Parker Accesorios Estanque 145,Filtros,Accesorios Estanque,Parker,Tecfluid Norte,26957.0,18331.0,2,24.0
SKU-00451,Bezares Direccionales Múltiples 251,Comandos Direccionales,Direccionales Múltiples,Bezares,Maestranza Integral,1923406.0,1388699.0,1,6.0
SKU-00452,KTR Cartridge 316,Válvulas,Cartridge,KTR,Industrial Flow Partners,648318.0,497908.0,2,6.0
SKU-00453,Hydac Monoblock 779,Comandos Direccionales,Monoblock,Hydac,Tecfluid Norte,1426144.0,1079591.0,1,18.0
SKU-00454,Olaer Agua-Aceite 108,Enfriadores,Agua-Aceite,Olaer,Maestranza Integral,261204.0,223068.0,2,
SKU-00455,Olaer Orbitales 764,Motores Hidráulicos,Orbitales,Olaer,Industrial Flow Partners,4289998.0,3406258.0,1,12.0
SKU-00456,Calzoni Diafragma 568,Acumuladores,Diafragma,Calzoni,Pacific Seal Supply,1466789.0,1227702.0,1,6.0
SKU-00457,Danfoss Agua-Aceite 460,Enfriadores,Agua-Aceite,Danfoss,Maestranza Integral,1856200.0,1559208.0,1,
SKU-00458,Sun Hydraulics Retorno 386,Filtros,Retorno,Sun Hydraulics,Pacific Seal Supply,38898.0,28707.0,2,
SKU-00459,KTR Direccionales Múltiples 256,Comandos Direccionales,Direccionales Múltiples,KTR,Andes Motion,1683498.0,1409088.0,1,18.0
SKU-00460,Brevini Vejiga 307,Acumuladores,Vejiga,Brevini,Tecfluid Norte,717820.0,597944.0,5,24.0
SKU-00461,Hydac Reductores Planetarios 645,Mandos Finales,Reductores Planetarios,Hydac,Maestranza Integral,3896463.0,3082102.0,1,12.0
SKU-00462,Commercial Hydraulics Joystick 410,Control y Electrónica,Joystick,Commercial Hydraulics,Tecfluid Norte,1015451.0,812361.0,2,18.0
SKU-00463,Denison Manómetros 336,Instrumentación,Manómetros,Denison,Maestranza Integral,90860.0,70144.0,2,24.0
SKU-00464,Sun Hydraulics Campanas 580,Accesorios y Acoples,Campanas,Sun Hydraulics,Industrial Flow Partners,11391.0,8726.0,1,24.0
SKU-00465,Commercial Hydraulics Control Remoto 115,Control y Electrónica,Control Remoto,Commercial Hydraulics,Andes Motion,615162.0,492745.0,1,18.0
SKU-00466,Sun Hydraulics Control Presión 601,Válvulas,Control Presión,Sun Hydraulics,Industrial Flow Partners,545288.0,428596.0,1,18.0
SKU-00467,FaberCom Control Remoto 726,Control y Electrónica,Control Remoto,FaberCom,Maestranza Integral,541689.0,385141.0,2,36.0
SKU-00468,Hydac Joystick 852,Control y Electrónica,Joystick,Hydac,Hydroline Andina,569351.0,400823.0,1,24.0
SKU-00469,Hydac Pistones Radiales 532,Bombas Hidráulicas,Pistones Radiales,Hydac,Industrial Flow Partners,4337277.0,3686685.0,2,12.0
SKU-00470,Danfoss Proporcionales 215,Válvulas,Proporcionales,Danfoss,Industrial Flow Partners,425651.0,338818.0,2,
SKU-00471,Calzoni Reductores Planetarios 192,Mandos Finales,Reductores Planetarios,Calzoni,Andes Motion,3128919.0,2806640.0,5,6.0
SKU-00472,Commercial Hydraulics Control Flujo 493,Válvulas,Control Flujo,Commercial Hydraulics,Industrial Flow Partners,593278.0,476996.0,2,
SKU-00473,Calzoni Microcontroladores 266,Control y Electrónica,Microcontroladores,Calzoni,Pacific Seal Supply,487698.0,347241.0,5,36.0
SKU-00474,Danfoss Reductores Planetarios 234,Mandos Finales,Reductores Planetarios,Danfoss,Andes Motion,3018048.0,2450655.0,2,36.0
SKU-00475,Brevini Direccionales Múltiples 343,Comandos Direccionales,Direccionales Múltiples,Brevini,Tecfluid Norte,149054.0,115517.0,1,24.0
SKU-00476,Bucher Hydraulics Monoblock 743,Comandos Direccionales,Monoblock,Bucher Hydraulics,Andes Motion,1096160.0,918582.0,1,24.0
SKU-00477,Danfoss Agua-Aceite 717,Enfriadores,Agua-Aceite,Danfoss,Maestranza Integral,424274.0,337298.0,1,36.0
SKU-00478,Poclain Control Flujo 816,Válvulas,Control Flujo,Poclain,Hydroline Andina,109388.0,71212.0,2,24.0
SKU-00479,FaberCom Campanas 488,Accesorios y Acoples,Campanas,FaberCom,Industrial Flow Partners,146847.0,89870.0,2,12.0
SKU-00480,Casappa Orbitales 637,Motores Hidráulicos,Orbitales,Casappa,Hydroline Andina,1605597.0,1385630.0,5,12.0
SKU-00481,Argo Hytos Monoblock 719,Comandos Direccionales,Monoblock,Argo Hytos,Pacific Seal Supply,258479.0,197478.0,1,18.0
SKU-00482,Scanreco Control Remoto 608,Control y Electrónica,Control Remoto,Scanreco,Pacific Seal Supply,1024968.0,803575.0,2,6.0
SKU-00483,Bucher Hydraulics Agua-Aceite 576,Enfriadores,Agua-Aceite,Bucher Hydraulics,Maestranza Integral,1784778.0,1517061.0,1,
SKU-00484,Argo Hytos Planetarios 806,Winches,Planetarios,Argo Hytos,Pacific Seal Supply,5994429.0,5095265.0,1,
SKU-00485,Poclain Control Flujo 505,Válvulas,Control Flujo,Poclain,Tecfluid Norte,257720.0,187362.0,1,36.0
SKU-00486,Commercial Hydraulics Joystick 593,Control y Electrónica,Joystick,Commercial Hydraulics,Maestranza Integral,430092.0,332461.0,2,
SKU-00487,Casappa Reductores Planetarios 842,Mandos Finales,Reductores Planetarios,Casappa,Tecfluid Norte,4129785.0,3312088.0,1,24.0
SKU-00488,Casappa Izado 387,Winches,Izado,Casappa,Pacific Seal Supply,602951.0,501052.0,2,
SKU-00489,Calzoni Pistones Axiales 901,Bombas Hidráulicas,Pistones Axiales,Calzoni,Industrial Flow Partners,2474088.0,2110397.0,1,24.0
SKU-00490,Danfoss Control Flujo 409,Válvulas,Control Flujo,Danfoss,Tecfluid Norte,345749.0,254471.0,2,12.0
SKU-00491,Bezares Reductores Planetarios 257,Mandos Finales,Reductores Planetarios,Bezares,Hydroline Andina,6400091.0,5056072.0,1,18.0
SKU-00492,Bucher Hydraulics Proporcionales 235,Comandos Direccionales,Proporcionales,Bucher Hydraulics,Industrial Flow Partners,2199832.0,1766465.0,1,24.0
SKU-00493,Danfoss Monoblock 708,Comandos Direccionales,Monoblock,Danfoss,Andes Motion,1042460.0,750571.0,2,
SKU-00494,FaberCom Orbitales 754,Motores Hidráulicos,Orbitales,FaberCom,Hydroline Andina,694894.0,542017.0,1,24.0
SKU-00495,Argo Hytos Proporcionales 380,Comandos Direccionales,Proporcionales,Argo Hytos,Maestranza Integral,802030.0,617563.0,1,12.0
SKU-00496,Brevini Engranaje 821,Motores Hidráulicos,Engranaje,Brevini,Pacific Seal Supply,2667491.0,2275370.0,2,12.0
SKU-00497,Sun Hydraulics Proporcionales 582,Válvulas,Proporcionales,Sun Hydraulics,Maestranza Integral,80213.0,57433.0,10,
SKU-00498,Rexroth Planetarios 806,Winches,Planetarios,Rexroth,Andes Motion,795899.0,675718.0,5,24.0
SKU-00499,Brevini Displays 195,Control y Electrónica,Displays,Brevini,Tecfluid Norte,409307.0,288971.0,1,18.0
SKU-00500,Rexroth Displays 247,Control y Electrónica,Displays,Rexroth,Andes Motion,406950.0,297074.0,2,6.0
SKU-00501,Bezares Adaptadores 166,Accesorios y Acoples,Adaptadores,Bezares,Andes Motion,49922.0,30702.0,2,18.0
SKU-00502,Bezares Sensores Presión 937,Instrumentación,Sensores Presión,Bezares,Andes Motion,292908.0,226711.0,1,24.0
SKU-00503,KTR Joystick 735,Control y Electrónica,Joystick,KTR,Pacific Seal Supply,796869.0,564980.0,2,24.0
SKU-00504,Commercial Hydraulics Monoblock 450,Comandos Direccionales,Monoblock,Commercial Hydraulics,Andes Motion,1033483.0,825753.0,2,18.0
SKU-00505,Commercial Hydraulics Agua-Aceite 574,Enfriadores,Agua-Aceite,Commercial Hydraulics,Industrial Flow Partners,1388770.0,1088796.0,2,
SKU-00506,Rexroth Accesorios Estanque 889,Filtros,Accesorios Estanque,Rexroth,Andes Motion,27731.0,15502.0,1,36.0
SKU-00507,Bucher Hydraulics Vejiga 563,Acumuladores,Vejiga,Bucher Hydraulics,Industrial Flow Partners,1017434.0,852610.0,1,6.0
SKU-00508,Calzoni Agua-Aceite 795,Enfriadores,Agua-Aceite,Calzoni,Pacific Seal Supply,1219173.0,1042393.0,2,12.0
SKU-00509,Bezares Control Presión 662,Válvulas,Control Presión,Bezares,Hydroline Andina,476613.0,341255.0,2,12.0
SKU-00510,Casappa Engranaje 740,Bombas Hidráulicas,Engranaje,Casappa,Tecfluid Norte,627188.0,523702.0,2,36.0
SKU-00511,Calzoni Alta Presión 963,Filtros,Alta Presión,Calzoni,Andes Motion,56741.0,40173.0,1,6.0
SKU-00512,Denison Alta Presión 838,Filtros,Alta Presión,Denison,Tecfluid Norte,119715.0,73744.0,1,36.0
SKU-00513,Denison Data Loggers 621,Instrumentación,Data Loggers,Denison,Hydroline Andina,108216.0,73479.0,2,24.0
SKU-00514,FaberCom Pistones 342,Acumuladores,Pistones,FaberCom,Andes Motion,584536.0,482827.0,5,18.0
SKU-00515,Scanreco Control Remoto 694,Control y Electrónica,Control Remoto,Scanreco,Pacific Seal Supply,712805.0,580936.0,2,36.0
SKU-00516,Denison Sensores Presión 635,Instrumentación,Sensores Presión,Denison,Industrial Flow Partners,446837.0,291338.0,2,18.0
SKU-00517,Sun Hydraulics Acoples Rotex 693,Accesorios y Acoples,Acoples Rotex,Sun Hydraulics,Andes Motion,159512.0,105437.0,5,36.0
SKU-00518,Danfoss Proporcionales 531,Válvulas,Proporcionales,Danfoss,Tecfluid Norte,439651.0,359635.0,2,24.0
SKU-00519,Webtec Retorno 692,Filtros,Retorno,Webtec,Maestranza Integral,11957.0,6756.0,2,
SKU-00520,Webtec Reductores Planetarios 730,Mandos Finales,Reductores Planetarios,Webtec,Industrial Flow Partners,5295082.0,4585541.0,1,12.0
SKU-00521,Olaer Control Flujo 927,Válvulas,Control Flujo,Olaer,Hydroline Andina,599608.0,429919.0,1,36.0
SKU-00522,Sun Hydraulics Reductores Planetarios 941,Mandos Finales,Reductores Planetarios,Sun Hydraulics,Andes Motion,2101826.0,1759228.0,1,6.0
SKU-00523,Scanreco Reductores Planetarios 453,Mandos Finales,Reductores Planetarios,Scanreco,Andes Motion,2513222.0,2128699.0,1,24.0
SKU-00524,Rexroth Pistones Axiales 499,Bombas Hidráulicas,Pistones Axiales,Rexroth,Hydroline Andina,879062.0,717315.0,2,18.0
SKU-00525,Denison Manómetros 642,Instrumentación,Manómetros,Denison,Pacific Seal Supply,526058.0,419794.0,2,18.0
SKU-00526,Rexroth Planetarios 373,Winches,Planetarios,Rexroth,Pacific Seal Supply,4005833.0,3144579.0,5,12.0
SKU-00527,Marzocchi Orbitales 806,Motores Hidráulicos,Orbitales,Marzocchi,Andes Motion,2413321.0,1911350.0,1,24.0
SKU-00528,Casappa Reductores Planetarios 556,Mandos Finales,Reductores Planetarios,Casappa,Hydroline Andina,5644173.0,4515338.0,1,24.0
SKU-00529,Webtec Presión 322,Filtros,Presión,Webtec,Tecfluid Norte,29625.0,22071.0,5,36.0
SKU-00530,Rexroth Acoples Rotex 359,Accesorios y Acoples,Acoples Rotex,Rexroth,Hydroline Andina,214828.0,162625.0,1,
SKU-00531,Poclain Control Presión 175,Válvulas,Control Presión,Poclain,Industrial Flow Partners,376419.0,245049.0,2,12.0
SKU-00532,Calzoni Cartridge 603,Válvulas,Cartridge,Calzoni,Andes Motion,282807.0,229074.0,2,6.0
SKU-00533,Calzoni Monoblock 208,Comandos Direccionales,Monoblock,Calzoni,Maestranza Integral,1656250.0,1381312.0,2,6.0
SKU-00534,Rexroth Manómetros 252,Instrumentación,Manómetros,Rexroth,Hydroline Andina,71564.0,51097.0,2,
SKU-00535,Parker Recuperación 824,Winches,Recuperación,Parker,Hydroline Andina,4155332.0,3606828.0,2,24.0
SKU-00536,Scanreco Data Loggers 805,Instrumentación,Data Loggers,Scanreco,Andes Motion,511108.0,349087.0,2,
SKU-00537,Marzocchi Sensores Presión 762,Instrumentación,Sensores Presión,Marzocchi,Pacific Seal Supply,562974.0,419979.0,10,
SKU-00538,Casappa Orbitales 493,Motores Hidráulicos,Orbitales,Casappa,Tecfluid Norte,586193.0,480678.0,1,6.0
SKU-00539,Webtec Planetarios 548,Winches,Planetarios,Webtec,Industrial Flow Partners,2645576.0,2346626.0,2,
SKU-00540,Denison Microcontroladores 653,Control y Electrónica,Microcontroladores,Denison,Hydroline Andina,272057.0,195609.0,10,18.0
SKU-00541,Bucher Hydraulics Izado 445,Winches,Izado,Bucher Hydraulics,Pacific Seal Supply,5807246.0,4663219.0,1,
SKU-00542,Calzoni Joystick 173,Control y Electrónica,Joystick,Calzoni,Hydroline Andina,293430.0,213617.0,1,36.0
SKU-00543,Bucher Hydraulics Paleta 114,Bombas Hidráulicas,Paleta,Bucher Hydraulics,Industrial Flow Partners,232924.0,171199.0,1,36.0
SKU-00544,Webtec Reductores Planetarios 918,Mandos Finales,Reductores Planetarios,Webtec,Hydroline Andina,4084529.0,3594386.0,1,
SKU-00545,Poclain Campanas 800,Accesorios y Acoples,Campanas,Poclain,Maestranza Integral,109422.0,69374.0,2,12.0
SKU-00546,KTR Campanas 525,Accesorios y Acoples,Campanas,KTR,Maestranza Integral,192236.0,129375.0,1,12.0
SKU-00547,Casappa Reductores Planetarios 896,Mandos Finales,Reductores Planetarios,Casappa,Maestranza Integral,3958361.0,3123147.0,1,36.0
SKU-00548,Bucher Hydraulics Reductores Planetarios 911,Mandos Finales,Reductores Planetarios,Bucher Hydraulics,Hydroline Andina,845717.0,742540.0,2,18.0
SKU-00549,Argo Hytos Caudalímetros 710,Instrumentación,Caudalímetros,Argo Hytos,Maestranza Integral,394701.0,284974.0,1,24.0
SKU-00550,Brevini Reductores Planetarios 220,Mandos Finales,Reductores Planetarios,Brevini,Hydroline Andina,5315780.0,4284519.0,1,24.0
SKU-00551,Brevini Agua-Aceite 383,Enfriadores,Agua-Aceite,Brevini,Tecfluid Norte,1746052.0,1313031.0,2,36.0
SKU-00552,Rexroth Paleta 144,Bombas Hidráulicas,Paleta,Rexroth,Maestranza Integral,3130810.0,2269837.0,1,6.0
SKU-00553,Webtec Pistones Axiales 153,Bombas Hidráulicas,Pistones Axiales,Webtec,Maestranza Integral,2040822.0,1687760.0,2,
SKU-00554,Commercial Hydraulics Agua-Aceite 529,Enfriadores,Agua-Aceite,Commercial Hydraulics,Hydroline Andina,1047364.0,905970.0,10,24.0
SKU-00555,KTR Monoblock 484,Comandos Direccionales,Monoblock,KTR,Maestranza Integral,1973961.0,1581143.0,5,18.0
SKU-00556,Bucher Hydraulics Direccionales Múltiples 239,Comandos Direccionales,Direccionales Múltiples,Bucher Hydraulics,Pacific Seal Supply,1272890.0,911389.0,10,6.0
SKU-00557,Bezares Caudalímetros 972,Instrumentación,Caudalímetros,Bezares,Tecfluid Norte,145260.0,113448.0,1,12.0
SKU-00558,Scanreco Data Loggers 274,Instrumentación,Data Loggers,Scanreco,Maestranza Integral,463394.0,355423.0,1,36.0
SKU-00559,Poclain Campanas 847,Accesorios y Acoples,Campanas,Poclain,Andes Motion,214959.0,148752.0,2,18.0
SKU-00560,Sun Hydraulics Pistones 527,Acumuladores,Pistones,Sun Hydraulics,Maestranza Integral,544760.0,422189.0,1,24.0
SKU-00561,Bucher Hydraulics Engranaje 563,Bombas Hidráulicas,Engranaje,Bucher Hydraulics,Industrial Flow Partners,3493438.0,3056758.0,2,36.0
SKU-00562,Poclain Caudalímetros 344,Instrumentación,Caudalímetros,Poclain,Pacific Seal Supply,459255.0,319641.0,1,6.0
SKU-00563,Parker Planetarios 565,Winches,Planetarios,Parker,Andes Motion,4179696.0,3682312.0,5,36.0
SKU-00564,Calzoni Caudalímetros 172,Instrumentación,Caudalímetros,Calzoni,Maestranza Integral,480219.0,357283.0,5,
SKU-00565,KTR Pistones 443,Acumuladores,Pistones,KTR,Pacific Seal Supply,126454.0,100531.0,1,36.0
SKU-00566,Hydac Joystick 475,Control y Electrónica,Joystick,Hydac,Industrial Flow Partners,468589.0,380963.0,2,24.0
SKU-00567,Casappa Reductores Planetarios 855,Mandos Finales,Reductores Planetarios,Casappa,Industrial Flow Partners,6369744.0,5624484.0,5,
SKU-00568,Sun Hydraulics Campanas 453,Accesorios y Acoples,Campanas,Sun Hydraulics,Tecfluid Norte,91414.0,66915.0,2,
SKU-00569,Hydac Data Loggers 476,Instrumentación,Data Loggers,Hydac,Pacific Seal Supply,502849.0,366577.0,5,12.0
SKU-00570,Poclain Recuperación 178,Winches,Recuperación,Poclain,Maestranza Integral,5405468.0,4567620.0,1,12.0
SKU-00571,Olaer Engranaje 526,Motores Hidráulicos,Engranaje,Olaer,Hydroline Andina,3545994.0,2889985.0,5,36.0
SKU-00572,Denison Recuperación 992,Winches,Recuperación,Denison,Andes Motion,2406851.0,2038603.0,2,6.0
SKU-00573,KTR Monoblock 642,Comandos Direccionales,Monoblock,KTR,Andes Motion,1497317.0,1125982.0,2,24.0
SKU-00574,FaberCom Agua-Aceite 395,Enfriadores,Agua-Aceite,FaberCom,Tecfluid Norte,1199416.0,915154.0,2,6.0
SKU-00575,Bezares Paleta 959,Bombas Hidráulicas,Paleta,Bezares,Tecfluid Norte,2133280.0,1819688.0,2,6.0
SKU-00576,Commercial Hydraulics Microcontroladores 310,Control y Electrónica,Microcontroladores,Commercial Hydraulics,Maestranza Integral,184455.0,125614.0,2,12.0
SKU-00577,KTR Agua-Aceite 514,Enfriadores,Agua-Aceite,KTR,Tecfluid Norte,423697.0,348279.0,2,
SKU-00578,FaberCom Caudalímetros 585,Instrumentación,Caudalímetros,FaberCom,Tecfluid Norte,118950.0,77793.0,2,36.0
SKU-00579,Denison Proporcionales 141,Válvulas,Proporcionales,Denison,Pacific Seal Supply,589621.0,390919.0,1,36.0
SKU-00580,Webtec Reductores Planetarios 756,Mandos Finales,Reductores Planetarios,Webtec,Hydroline Andina,3691735.0,2949696.0,1,12.0
SKU-00581,Hydac Monoblock 793,Comandos Direccionales,Monoblock,Hydac,Maestranza Integral,1979454.0,1454899.0,1,24.0
SKU-00582,Hydac Planetarios 251,Winches,Planetarios,Hydac,Andes Motion,1569475.0,1352887.0,1,36.0
SKU-00583,Bezares Displays 845,Control y Electrónica,Displays,Bezares,Andes Motion,478756.0,373430.0,10,24.0
SKU-00584,FaberCom Data Loggers 712,Instrumentación,Data Loggers,FaberCom,Tecfluid Norte,123360.0,85242.0,2,6.0
SKU-00585,Argo Hytos Engranaje 190,Motores Hidráulicos,Engranaje,Argo Hytos,Tecfluid Norte,2478143.0,1900736.0,1,24.0
SKU-00586,Olaer Pistones Radiales 490,Bombas Hidráulicas,Pistones Radiales,Olaer,Andes Motion,910785.0,734093.0,1,6.0
SKU-00587,Bucher Hydraulics Proporcionales 329,Válvulas,Proporcionales,Bucher Hydraulics,Hydroline Andina,662669.0,509592.0,10,24.0
SKU-00588,Denison Engranaje 394,Bombas Hidráulicas,Engranaje,Denison,Tecfluid Norte,1455737.0,1132563.0,1,36.0
SKU-00589,Bucher Hydraulics Diafragma 470,Acumuladores,Diafragma,Bucher Hydraulics,Industrial Flow Partners,995596.0,842274.0,2,
SKU-00590,Marzocchi Tomas de Fuerza 850,Accesorios y Acoples,Tomas de Fuerza,Marzocchi,Andes Motion,217745.0,145236.0,5,
SKU-00591,Olaer Acoples Rotex 154,Accesorios y Acoples,Acoples Rotex,Olaer,Maestranza Integral,147505.0,111219.0,5,6.0
SKU-00592,Scanreco Control Flujo 626,Válvulas,Control Flujo,Scanreco,Industrial Flow Partners,731881.0,555498.0,5,36.0
SKU-00593,Commercial Hydraulics Monoblock 377,Comandos Direccionales,Monoblock,Commercial Hydraulics,Hydroline Andina,1545055.0,1274670.0,2,36.0
SKU-00594,Bezares Recuperación 897,Winches,Recuperación,Bezares,Hydroline Andina,3439312.0,2950930.0,1,24.0
SKU-00595,KTR Data Loggers 951,Instrumentación,Data Loggers,KTR,Maestranza Integral,88378.0,68670.0,1,24.0
SKU-00596,Scanreco Agua-Aceite 807,Enfriadores,Agua-Aceite,Scanreco,Andes Motion,1844658.0,1595629.0,1,18.0
SKU-00597,FaberCom Presión 221,Filtros,Presión,FaberCom,Pacific Seal Supply,66590.0,37024.0,2,
SKU-00598,Denison Direccionales Múltiples 902,Comandos Direccionales,Direccionales Múltiples,Denison,Industrial Flow Partners,659247.0,547834.0,1,18.0
SKU-00599,Parker Engranaje 580,Motores Hidráulicos,Engranaje,Parker,Andes Motion,3835203.0,3351967.0,5,24.0
SKU-00600,Danfoss Orbitales 304,Motores Hidráulicos,Orbitales,Danfoss,Hydroline Andina,1647900.0,1448504.0,1,24.0
SKU-00601,Parker Reductores Planetarios 612,Mandos Finales,Reductores Planetarios,Parker,Hydroline Andina,1848010.0,1496888.0,2,12.0
SKU-00602,Hydac Microcontroladores 388,Control y Electrónica,Microcontroladores,Hydac,Pacific Seal Supply,128588.0,90655.0,1,36.0
SKU-00603,Rexroth Reductores Planetarios 209,Mandos Finales,Reductores Planetarios,Rexroth,Maestranza Integral,7427436.0,5927094.0,1,18.0
SKU-00604,Calzoni Reductores Planetarios 632,Mandos Finales,Reductores Planetarios,Calzoni,Andes Motion,2342773.0,2045241.0,2,
SKU-00605,Bezares Reductores Planetarios 567,Mandos Finales,Reductores Planetarios,Bezares,Industrial Flow Partners,2875553.0,2337825.0,2,
SKU-00606,FaberCom Adaptadores 921,Accesorios y Acoples,Adaptadores,FaberCom,Maestranza Integral,140709.0,102436.0,1,
SKU-00607,Commercial Hydraulics Manómetros 187,Instrumentación,Manómetros,Commercial Hydraulics,Hydroline Andina,599272.0,435071.0,2,24.0
SKU-00608,Calzoni Engranaje 303,Motores Hidráulicos,Engranaje,Calzoni,Andes Motion,3536178.0,2662742.0,1,
SKU-00609,Brevini Presión 707,Filtros,Presión,Brevini,Andes Motion,21749.0,12658.0,2,36.0
SKU-00610,Bezares Control Presión 210,Válvulas,Control Presión,Bezares,Andes Motion,541675.0,356422.0,2,6.0
SKU-00611,Bucher Hydraulics Orbitales 127,Motores Hidráulicos,Orbitales,Bucher Hydraulics,Andes Motion,1307945.0,990114.0,1,
SKU-00612,Brevini Reductores Planetarios 885,Mandos Finales,Reductores Planetarios,Brevini,Industrial Flow Partners,3154082.0,2725127.0,1,36.0
SKU-00613,Argo Hytos Data Loggers 882,Instrumentación,Data Loggers,Argo Hytos,Tecfluid Norte,407393.0,295767.0,2,24.0
SKU-00614,Rexroth Pistones Radiales 775,Bombas Hidráulicas,Pistones Radiales,Rexroth,Andes Motion,2108003.0,1568354.0,1,
SKU-00615,Bucher Hydraulics Direccional 775,Válvulas,Direccional,Bucher Hydraulics,Andes Motion,129228.0,90201.0,1,24.0
SKU-00616,Bucher Hydraulics Agua-Aceite 731,Enfriadores,Agua-Aceite,Bucher Hydraulics,Pacific Seal Supply,1730550.0,1408668.0,2,24.0
SKU-00617,Webtec Izado 697,Winches,Izado,Webtec,Tecfluid Norte,837832.0,694563.0,5,12.0
SKU-00618,Calzoni Pistones Axiales 340,Bombas Hidráulicas,Pistones Axiales,Calzoni,Hydroline Andina,2012445.0,1450973.0,1,36.0
SKU-00619,Marzocchi Izado 433,Winches,Izado,Marzocchi,Hydroline Andina,5507140.0,4912369.0,2,6.0
SKU-00620,Scanreco Pistones Radiales 424,Bombas Hidráulicas,Pistones Radiales,Scanreco,Pacific Seal Supply,2389205.0,1942424.0,2,24.0
SKU-00621,Calzoni Pistones 930,Acumuladores,Pistones,Calzoni,Tecfluid Norte,893005.0,665289.0,1,12.0
SKU-00622,Commercial Hydraulics Izado 371,Winches,Izado,Commercial Hydraulics,Pacific Seal Supply,2147365.0,1683534.0,1,24.0
SKU-00623,Marzocchi Pistones Axiales 168,Bombas Hidráulicas,Pistones Axiales,Marzocchi,Andes Motion,3650023.0,2847018.0,1,24.0
SKU-00624,Scanreco Tomas de Fuerza 420,Accesorios y Acoples,Tomas de Fuerza,Scanreco,Maestranza Integral,90093.0,69011.0,2,18.0
SKU-00625,Calzoni Proporcionales 628,Comandos Direccionales,Proporcionales,Calzoni,Tecfluid Norte,1607414.0,1256998.0,1,
SKU-00626,Argo Hytos Reductores Planetarios 161,Mandos Finales,Reductores Planetarios,Argo Hytos,Industrial Flow Partners,7727243.0,6266794.0,10,24.0
SKU-00627,Bezares Agua-Aceite 980,Enfriadores,Agua-Aceite,Bezares,Andes Motion,423326.0,364060.0,2,18.0
SKU-00628,Argo Hytos Pistones 253,Motores Hidráulicos,Pistones,Argo Hytos,Andes Motion,1481287.0,1248725.0,1,18.0
SKU-00629,Sun Hydraulics Direccionales Múltiples 379,Comandos Direccionales,Direccionales Múltiples,Sun Hydraulics,Tecfluid Norte,1224700.0,938120.0,5,
SKU-00630,Olaer Reductores Planetarios 185,Mandos Finales,Reductores Planetarios,Olaer,Tecfluid Norte,5542429.0,4871795.0,2,
SKU-00631,Webtec Accesorios Estanque 841,Filtros,Accesorios Estanque,Webtec,Hydroline Andina,108864.0,72830.0,1,18.0
SKU-00632,Rexroth Reductores Planetarios 343,Mandos Finales,Reductores Planetarios,Rexroth,Pacific Seal Supply,6088259.0,4797548.0,2,18.0
SKU-00633,KTR Acoples Rotex 209,Accesorios y Acoples,Acoples Rotex,KTR,Tecfluid Norte,208922.0,135173.0,1,18.0
SKU-00634,Olaer Reductores Planetarios 424,Mandos Finales,Reductores Planetarios,Olaer,Andes Motion,3740304.0,2977282.0,2,36.0
SKU-00635,Bucher Hydraulics Agua-Aceite 476,Enfriadores,Agua-Aceite,Bucher Hydraulics,Industrial Flow Partners,605741.0,511245.0,1,12.0
SKU-00636,Brevini Cartridge 665,Válvulas,Cartridge,Brevini,Hydroline Andina,677142.0,478739.0,5,36.0
SKU-00637,Bezares Vejiga 502,Acumuladores,Vejiga,Bezares,Industrial Flow Partners,253316.0,186694.0,2,
SKU-00638,Poclain Control Flujo 931,Válvulas,Control Flujo,Poclain,Maestranza Integral,255503.0,172209.0,2,36.0
SKU-00639,Danfoss Izado 961,Winches,Izado,Danfoss,Tecfluid Norte,5265445.0,4217621.0,2,36.0
SKU-00640,Rexroth Alta Presión 880,Filtros,Alta Presión,Rexroth,Maestranza Integral,86230.0,55963.0,2,18.0
SKU-00641,FaberCom Paleta 261,Bombas Hidráulicas,Paleta,FaberCom,Industrial Flow Partners,742001.0,605473.0,5,24.0
SKU-00642,Denison Monoblock 277,Comandos Direccionales,Monoblock,Denison,Pacific Seal Supply,1752093.0,1280780.0,2,36.0
SKU-00643,KTR Recuperación 123,Winches,Recuperación,KTR,Tecfluid Norte,1592650.0,1353752.0,2,24.0
SKU-00644,Poclain Agua-Aceite 366,Enfriadores,Agua-Aceite,Poclain,Andes Motion,516792.0,407749.0,2,24.0
SKU-00645,Bezares Reductores Planetarios 606,Mandos Finales,Reductores Planetarios,Bezares,Maestranza Integral,7620153.0,6751456.0,2,18.0
SKU-00646,Argo Hytos Engranaje 976,Motores Hidráulicos,Engranaje,Argo Hytos,Maestranza Integral,4741051.0,3669573.0,2,18.0
SKU-00647,Argo Hytos Monoblock 368,Comandos Direccionales,Monoblock,Argo Hytos,Tecfluid Norte,1849565.0,1520342.0,1,
SKU-00648,FaberCom Monoblock 431,Comandos Direccionales,Monoblock,FaberCom,Maestranza Integral,999738.0,746804.0,1,18.0
SKU-00649,Argo Hytos Displays 153,Control y Electrónica,Displays,Argo Hytos,Industrial Flow Partners,491020.0,373666.0,1,
SKU-00650,Bucher Hydraulics Presión 146,Filtros,Presión,Bucher Hydraulics,Tecfluid Norte,119635.0,67235.0,5,36.0
SKU-00651,Hydac Pistones Axiales 283,Bombas Hidráulicas,Pistones Axiales,Hydac,Pacific Seal Supply,1807079.0,1308325.0,2,24.0
SKU-00652,Hydac Direccional 245,Válvulas,Direccional,Hydac,Andes Motion,746003.0,500568.0,2,36.0
SKU-00653,KTR Cartridge 540,Válvulas,Cartridge,KTR,Hydroline Andina,783350.0,575762.0,2,36.0
SKU-00654,Brevini Control Flujo 773,Válvulas,Control Flujo,Brevini,Tecfluid Norte,425654.0,317538.0,2,6.0
SKU-00655,Danfoss Izado 546,Winches,Izado,Danfoss,Maestranza Integral,1317414.0,1148785.0,2,6.0
SKU-00656,Danfoss Orbitales 987,Motores Hidráulicos,Orbitales,Danfoss,Andes Motion,1911297.0,1506102.0,2,
SKU-00657,Bezares Reductores Planetarios 699,Mandos Finales,Reductores Planetarios,Bezares,Hydroline Andina,2266883.0,1963121.0,2,24.0
SKU-00658,Parker Monoblock 436,Comandos Direccionales,Monoblock,Parker,Pacific Seal Supply,1945097.0,1600815.0,1,18.0
SKU-00659,Rexroth Pistones Axiales 571,Bombas Hidráulicas,Pistones Axiales,Rexroth,Andes Motion,1774979.0,1297510.0,5,6.0
SKU-00660,FaberCom Displays 563,Control y Electrónica,Displays,FaberCom,Industrial Flow Partners,1148482.0,846431.0,1,36.0
SKU-00661,Denison Accesorios Estanque 716,Filtros,Accesorios Estanque,Denison,Maestranza Integral,104687.0,61765.0,1,36.0
SKU-00662,Calzoni Diafragma 266,Acumuladores,Diafragma,Calzoni,Tecfluid Norte,332775.0,241262.0,1,
SKU-00663,Webtec Vejiga 417,Acumuladores,Vejiga,Webtec,Industrial Flow Partners,1148633.0,878704.0,2,18.0
SKU-00664,Denison Recuperación 587,Winches,Recuperación,Denison,Tecfluid Norte,4160362.0,3328290.0,2,18.0
SKU-00665,Brevini Proporcionales 195,Válvulas,Proporcionales,Brevini,Andes Motion,94922.0,71002.0,1,18.0
SKU-00666,FaberCom Pistones Axiales 637,Bombas Hidráulicas,Pistones Axiales,FaberCom,Industrial Flow Partners,1125401.0,866559.0,10,24.0
SKU-00667,FaberCom Orbitales 961,Motores Hidráulicos,Orbitales,FaberCom,Andes Motion,580079.0,450141.0,1,36.0
SKU-00668,Scanreco Monoblock 196,Comandos Direccionales,Monoblock,Scanreco,Tecfluid Norte,1473115.0,1129879.0,1,24.0
SKU-00669,Bezares Manómetros 963,Instrumentación,Manómetros,Bezares,Tecfluid Norte,363774.0,249185.0,2,6.0
SKU-00670,Poclain Diafragma 927,Acumuladores,Diafragma,Poclain,Andes Motion,1324993.0,1074569.0,2,36.0
SKU-00671,Commercial Hydraulics Control Flujo 105,Válvulas,Control Flujo,Commercial Hydraulics,Maestranza Integral,168443.0,116731.0,1,18.0
SKU-00672,Parker Diafragma 731,Acumuladores,Diafragma,Parker,Maestranza Integral,1011237.0,798877.0,2,12.0
SKU-00673,Webtec Alta Presión 979,Filtros,Alta Presión,Webtec,Hydroline Andina,22010.0,16441.0,1,36.0
SKU-00674,Bucher Hydraulics Paleta 574,Bombas Hidráulicas,Paleta,Bucher Hydraulics,Industrial Flow Partners,781421.0,657175.0,1,
SKU-00675,Scanreco Reductores Planetarios 980,Mandos Finales,Reductores Planetarios,Scanreco,Hydroline Andina,1638504.0,1297695.0,2,18.0
SKU-00676,Argo Hytos Caudalímetros 830,Instrumentación,Caudalímetros,Argo Hytos,Tecfluid Norte,354575.0,239338.0,1,
SKU-00677,Bucher Hydraulics Vejiga 625,Acumuladores,Vejiga,Bucher Hydraulics,Industrial Flow Partners,901699.0,680783.0,1,18.0
SKU-00678,Sun Hydraulics Tomas de Fuerza 527,Accesorios y Acoples,Tomas de Fuerza,Sun Hydraulics,Industrial Flow Partners,19873.0,15441.0,1,12.0
SKU-00679,Bucher Hydraulics Sensores Presión 296,Instrumentación,Sensores Presión,Bucher Hydraulics,Pacific Seal Supply,565210.0,422777.0,1,6.0
SKU-00680,FaberCom Manómetros 234,Instrumentación,Manómetros,FaberCom,Maestranza Integral,319352.0,227379.0,5,36.0
SKU-00681,Scanreco Control Presión 807,Válvulas,Control Presión,Scanreco,Industrial Flow Partners,530688.0,402792.0,1,24.0
SKU-00682,Bucher Hydraulics Joystick 314,Control y Electrónica,Joystick,Bucher Hydraulics,Maestranza Integral,249285.0,198929.0,2,18.0
SKU-00683,Parker Agua-Aceite 445,Enfriadores,Agua-Aceite,Parker,Tecfluid Norte,1779676.0,1484250.0,5,
SKU-00684,Brevini Diafragma 888,Acumuladores,Diafragma,Brevini,Maestranza Integral,251377.0,206381.0,2,12.0
SKU-00685,Denison Agua-Aceite 961,Enfriadores,Agua-Aceite,Denison,Industrial Flow Partners,1766337.0,1414836.0,1,18.0
SKU-00686,Brevini Engranaje 745,Motores Hidráulicos,Engranaje,Brevini,Pacific Seal Supply,3954350.0,2993443.0,1,24.0
SKU-00687,Bezares Engranaje 257,Motores Hidráulicos,Engranaje,Bezares,Maestranza Integral,3696077.0,2912509.0,2,36.0
SKU-00688,KTR Izado 585,Winches,Izado,KTR,Maestranza Integral,1176409.0,1030534.0,1,6.0
SKU-00689,Hydac Retorno 255,Filtros,Retorno,Hydac,Maestranza Integral,17546.0,11861.0,2,36.0
SKU-00690,Sun Hydraulics Agua-Aceite 470,Enfriadores,Agua-Aceite,Sun Hydraulics,Maestranza Integral,1633272.0,1349083.0,2,24.0
SKU-00691,Denison Pistones Radiales 890,Bombas Hidráulicas,Pistones Radiales,Denison,Hydroline Andina,3271672.0,2607523.0,2,12.0
SKU-00692,Danfoss Reductores Planetarios 830,Mandos Finales,Reductores Planetarios,Danfoss,Andes Motion,6266185.0,5144538.0,5,
SKU-00693,Webtec Recuperación 452,Winches,Recuperación,Webtec,Andes Motion,2711015.0,2217610.0,5,36.0
SKU-00694,Hydac Pistones Axiales 733,Bombas Hidráulicas,Pistones Axiales,Hydac,Pacific Seal Supply,4153960.0,3190241.0,1,24.0
SKU-00695,Bezares Izado 842,Winches,Izado,Bezares,Industrial Flow Partners,2724781.0,2386908.0,1,24.0
SKU-00696,Hydac Microcontroladores 128,Control y Electrónica,Microcontroladores,Hydac,Pacific Seal Supply,376517.0,303849.0,2,36.0
SKU-00697,Sun Hydraulics Agua-Aceite 619,Enfriadores,Agua-Aceite,Sun Hydraulics,Tecfluid Norte,1494042.0,1123520.0,1,12.0
SKU-00698,Danfoss Spin-On 341,Filtros,Spin-On,Danfoss,Industrial Flow Partners,113430.0,74864.0,1,18.0
SKU-00699,Bezares Microcontroladores 855,Control y Electrónica,Microcontroladores,Bezares,Tecfluid Norte,377216.0,267823.0,2,36.0
SKU-00700,KTR Direccionales Múltiples 948,Comandos Direccionales,Direccionales Múltiples,KTR,Pacific Seal Supply,1506038.0,1094890.0,1,6.0
SKU-00701,Poclain Diafragma 512,Acumuladores,Diafragma,Poclain,Hydroline Andina,683339.0,569221.0,1,12.0
SKU-00702,Olaer Tomas de Fuerza 943,Accesorios y Acoples,Tomas de Fuerza,Olaer,Pacific Seal Supply,127213.0,89558.0,2,36.0
SKU-00703,Hydac Reductores Planetarios 584,Mandos Finales,Reductores Planetarios,Hydac,Maestranza Integral,4290304.0,3625307.0,1,36.0
SKU-00704,Casappa Paleta 396,Bombas Hidráulicas,Paleta,Casappa,Tecfluid Norte,4159383.0,3581229.0,1,
SKU-00705,Rexroth Paleta 703,Bombas Hidráulicas,Paleta,Rexroth,Tecfluid Norte,1476422.0,1210666.0,1,6.0
SKU-00706,Webtec Diafragma 991,Acumuladores,Diafragma,Webtec,Tecfluid Norte,386126.0,287278.0,1,24.0
SKU-00707,Bucher Hydraulics Pistones Radiales 953,Bombas Hidráulicas,Pistones Radiales,Bucher Hydraulics,Pacific Seal Supply,1497203.0,1209740.0,2,18.0
SKU-00708,Denison Campanas 919,Accesorios y Acoples,Campanas,Denison,Pacific Seal Supply,160933.0,103480.0,1,36.0
SKU-00709,Calzoni Tomas de Fuerza 190,Accesorios y Acoples,Tomas de Fuerza,Calzoni,Maestranza Integral,225560.0,162178.0,2,36.0
SKU-00710,Marzocchi Reductores Planetarios 297,Mandos Finales,Reductores Planetarios,Marzocchi,Industrial Flow Partners,6532343.0,5323860.0,1,36.0
SKU-00711,Marzocchi Acoples Rotex 284,Accesorios y Acoples,Acoples Rotex,Marzocchi,Pacific Seal Supply,51402.0,35673.0,1,36.0
SKU-00712,Argo Hytos Pistones Axiales 511,Bombas Hidráulicas,Pistones Axiales,Argo Hytos,Maestranza Integral,3759154.0,2804329.0,1,24.0
SKU-00713,Bucher Hydraulics Acoples Rotex 217,Accesorios y Acoples,Acoples Rotex,Bucher Hydraulics,Hydroline Andina,88289.0,66040.0,5,18.0
SKU-00714,Commercial Hydraulics Pistones 160,Motores Hidráulicos,Pistones,Commercial Hydraulics,Tecfluid Norte,891364.0,754985.0,2,18.0
SKU-00715,Commercial Hydraulics Adaptadores 364,Accesorios y Acoples,Adaptadores,Commercial Hydraulics,Hydroline Andina,179759.0,130505.0,1,18.0
SKU-00716,Danfoss Diafragma 217,Acumuladores,Diafragma,Danfoss,Maestranza Integral,420265.0,324445.0,5,24.0
SKU-00717,KTR Cartridge 700,Válvulas,Cartridge,KTR,Andes Motion,453669.0,367018.0,1,
SKU-00718,Sun Hydraulics Planetarios 612,Winches,Planetarios,Sun Hydraulics,Pacific Seal Supply,4083530.0,3613924.0,2,
SKU-00719,Bezares Direccionales Múltiples 101,Comandos Direccionales,Direccionales Múltiples,Bezares,Pacific Seal Supply,2465035.0,1806871.0,2,24.0
SKU-00720,Commercial Hydraulics Manómetros 459,Instrumentación,Manómetros,Commercial Hydraulics,Hydroline Andina,64300.0,42567.0,2,36.0
SKU-00721,Marzocchi Planetarios 815,Winches,Planetarios,Marzocchi,Pacific Seal Supply,2047212.0,1803594.0,1,12.0
SKU-00722,Casappa Engranaje 750,Motores Hidráulicos,Engranaje,Casappa,Tecfluid Norte,4415741.0,3766627.0,2,36.0
SKU-00723,Olaer Control Presión 236,Válvulas,Control Presión,Olaer,Maestranza Integral,538265.0,411773.0,2,
SKU-00724,Brevini Planetarios 906,Winches,Planetarios,Brevini,Andes Motion,523536.0,470659.0,2,18.0
SKU-00725,Poclain Recuperación 485,Winches,Recuperación,Poclain,Pacific Seal Supply,670211.0,536169.0,1,12.0
SKU-00726,Calzoni Adaptadores 297,Accesorios y Acoples,Adaptadores,Calzoni,Maestranza Integral,210591.0,133515.0,1,18.0
SKU-00727,Sun Hydraulics Sensores Presión 728,Instrumentación,Sensores Presión,Sun Hydraulics,Industrial Flow Partners,41276.0,31287.0,2,6.0
SKU-00728,Sun Hydraulics Izado 314,Winches,Izado,Sun Hydraulics,Maestranza Integral,5890655.0,4618274.0,2,36.0
SKU-00729,Calzoni Paleta 679,Bombas Hidráulicas,Paleta,Calzoni,Hydroline Andina,3934136.0,3104033.0,5,6.0
SKU-00730,Brevini Recuperación 976,Winches,Recuperación,Brevini,Pacific Seal Supply,1465409.0,1214824.0,1,12.0
SKU-00731,Olaer Monoblock 797,Comandos Direccionales,Monoblock,Olaer,Maestranza Integral,2137448.0,1810418.0,5,24.0
SKU-00732,Parker Agua-Aceite 516,Enfriadores,Agua-Aceite,Parker,Andes Motion,1335788.0,1011192.0,2,18.0
SKU-00733,Hydac Cartridge 530,Válvulas,Cartridge,Hydac,Andes Motion,409070.0,299439.0,2,
SKU-00734,KTR Agua-Aceite 806,Enfriadores,Agua-Aceite,KTR,Hydroline Andina,874939.0,731449.0,1,36.0
SKU-00735,Sun Hydraulics Diafragma 927,Acumuladores,Diafragma,Sun Hydraulics,Maestranza Integral,313564.0,253987.0,1,
SKU-00736,Olaer Pistones Axiales 342,Bombas Hidráulicas,Pistones Axiales,Olaer,Maestranza Integral,619107.0,521288.0,1,12.0
SKU-00737,Brevini Pistones 486,Motores Hidráulicos,Pistones,Brevini,Andes Motion,3867673.0,3090271.0,1,
SKU-00738,Denison Spin-On 157,Filtros,Spin-On,Denison,Hydroline Andina,110941.0,73443.0,2,
SKU-00739,Webtec Agua-Aceite 914,Enfriadores,Agua-Aceite,Webtec,Andes Motion,893114.0,714491.0,1,18.0
SKU-00740,Brevini Pistones 297,Acumuladores,Pistones,Brevini,Hydroline Andina,562255.0,409322.0,2,24.0
SKU-00741,Parker Engranaje 463,Motores Hidráulicos,Engranaje,Parker,Pacific Seal Supply,3623837.0,2909941.0,1,36.0
SKU-00742,Brevini Vejiga 625,Acumuladores,Vejiga,Brevini,Andes Motion,344011.0,286217.0,1,12.0
SKU-00743,Webtec Izado 477,Winches,Izado,Webtec,Pacific Seal Supply,5368721.0,4332558.0,2,24.0
SKU-00744,Danfoss Paleta 305,Bombas Hidráulicas,Paleta,Danfoss,Maestranza Integral,2355919.0,1757516.0,2,12.0
SKU-00745,Poclain Planetarios 972,Winches,Planetarios,Poclain,Tecfluid Norte,1541456.0,1299447.0,2,24.0
SKU-00746,Brevini Adaptadores 103,Accesorios y Acoples,Adaptadores,Brevini,Tecfluid Norte,107580.0,80793.0,1,18.0
SKU-00747,Sun Hydraulics Planetarios 509,Winches,Planetarios,Sun Hydraulics,Andes Motion,3931560.0,3424389.0,2,36.0
SKU-00748,Bezares Reductores Planetarios 699,Mandos Finales,Reductores Planetarios,Bezares,Hydroline Andina,1330864.0,1192454.0,5,18.0
SKU-00749,Parker Spin-On 667,Filtros,Spin-On,Parker,Maestranza Integral,30156.0,21562.0,5,6.0
SKU-00750,Argo Hytos Direccionales Múltiples 213,Comandos Direccionales,Direccionales Múltiples,Argo Hytos,Hydroline Andina,539064.0,437181.0,1,18.0
SKU-00751,Webtec Presión 247,Filtros,Presión,Webtec,Andes Motion,34897.0,20519.0,2,36.0
SKU-00752,Argo Hytos Reductores Planetarios 701,Mandos Finales,Reductores Planetarios,Argo Hytos,Pacific Seal Supply,3523008.0,3012172.0,1,
SKU-00753,Webtec Monoblock 600,Comandos Direccionales,Monoblock,Webtec,Maestranza Integral,899880.0,757699.0,1,24.0
SKU-00754,Poclain Monoblock 483,Comandos Direccionales,Monoblock,Poclain,Andes Motion,2002573.0,1517950.0,2,36.0
SKU-00755,Commercial Hydraulics Data Loggers 510,Instrumentación,Data Loggers,Commercial Hydraulics,Tecfluid Norte,436118.0,314441.0,2,18.0
SKU-00756,Danfoss Recuperación 486,Winches,Recuperación,Danfoss,Maestranza Integral,1707395.0,1495678.0,2,6.0
SKU-00757,Bezares Campanas 697,Accesorios y Acoples,Campanas,Bezares,Tecfluid Norte,139885.0,105753.0,2,24.0
SKU-00758,Hydac Pistones Radiales 491,Bombas Hidráulicas,Pistones Radiales,Hydac,Pacific Seal Supply,1613227.0,1303487.0,2,18.0
SKU-00759,FaberCom Paleta 759,Bombas Hidráulicas,Paleta,FaberCom,Maestranza Integral,1305468.0,1133146.0,2,24.0
SKU-00760,Sun Hydraulics Orbitales 356,Motores Hidráulicos,Orbitales,Sun Hydraulics,Hydroline Andina,769222.0,640762.0,2,6.0
SKU-00761,Argo Hytos Control Flujo 388,Válvulas,Control Flujo,Argo Hytos,Industrial Flow Partners,493126.0,393021.0,2,
SKU-00762,Calzoni Alta Presión 840,Filtros,Alta Presión,Calzoni,Pacific Seal Supply,92874.0,69470.0,1,18.0
SKU-00763,Bucher Hydraulics Microcontroladores 420,Control y Electrónica,Microcontroladores,Bucher Hydraulics,Maestranza Integral,643199.0,456671.0,2,12.0
SKU-00764,Scanreco Proporcionales 412,Comandos Direccionales,Proporcionales,Scanreco,Maestranza Integral,1164060.0,840451.0,1,24.0
SKU-00765,Bucher Hydraulics Joystick 433,Control y Electrónica,Joystick,Bucher Hydraulics,Industrial Flow Partners,1009444.0,779291.0,10,36.0
SKU-00766,Marzocchi Acoples Rotex 717,Accesorios y Acoples,Acoples Rotex,Marzocchi,Hydroline Andina,230925.0,173656.0,2,24.0
SKU-00767,Calzoni Tomas de Fuerza 562,Accesorios y Acoples,Tomas de Fuerza,Calzoni,Maestranza Integral,237430.0,182584.0,2,
SKU-00768,Poclain Izado 171,Winches,Izado,Poclain,Maestranza Integral,1073722.0,895484.0,2,
SKU-00769,Argo Hytos Vejiga 434,Acumuladores,Vejiga,Argo Hytos,Maestranza Integral,493370.0,385815.0,2,24.0
SKU-00770,Commercial Hydraulics Vejiga 310,Acumuladores,Vejiga,Commercial Hydraulics,Hydroline Andina,263375.0,209646.0,2,6.0
SKU-00771,Bucher Hydraulics Control Presión 246,Válvulas,Control Presión,Bucher Hydraulics,Maestranza Integral,492875.0,325297.0,2,12.0
SKU-00772,Calzoni Sensores Presión 140,Instrumentación,Sensores Presión,Calzoni,Pacific Seal Supply,490313.0,353516.0,2,18.0
SKU-00773,Webtec Joystick 929,Control y Electrónica,Joystick,Webtec,Industrial Flow Partners,1063143.0,803736.0,2,18.0
SKU-00774,Sun Hydraulics Reductores Planetarios 502,Mandos Finales,Reductores Planetarios,Sun Hydraulics,Maestranza Integral,7279745.0,5911153.0,1,36.0
SKU-00775,Sun Hydraulics Joystick 322,Control y Electrónica,Joystick,Sun Hydraulics,Maestranza Integral,364843.0,267065.0,1,36.0
SKU-00776,Casappa Data Loggers 358,Instrumentación,Data Loggers,Casappa,Hydroline Andina,597330.0,471293.0,2,18.0
SKU-00777,Danfoss Monoblock 508,Comandos Direccionales,Monoblock,Danfoss,Andes Motion,183589.0,138426.0,10,18.0
SKU-00778,Danfoss Proporcionales 184,Comandos Direccionales,Proporcionales,Danfoss,Hydroline Andina,716442.0,533033.0,2,18.0
SKU-00779,FaberCom Agua-Aceite 401,Enfriadores,Agua-Aceite,FaberCom,Maestranza Integral,1020957.0,861688.0,1,24.0
SKU-00780,Calzoni Pistones 321,Motores Hidráulicos,Pistones,Calzoni,Maestranza Integral,572409.0,447051.0,1,18.0
SKU-00781,Casappa Joystick 775,Control y Electrónica,Joystick,Casappa,Maestranza Integral,558367.0,453952.0,5,36.0
SKU-00782,Webtec Orbitales 344,Motores Hidráulicos,Orbitales,Webtec,Andes Motion,451593.0,396950.0,1,6.0
SKU-00783,Parker Direccionales Múltiples 198,Comandos Direccionales,Direccionales Múltiples,Parker,Andes Motion,186507.0,158158.0,1,6.0
SKU-00784,Commercial Hydraulics Planetarios 654,Winches,Planetarios,Commercial Hydraulics,Hydroline Andina,2786240.0,2471395.0,2,24.0
SKU-00785,Rexroth Vejiga 498,Acumuladores,Vejiga,Rexroth,Maestranza Integral,383568.0,308389.0,2,36.0
SKU-00786,Sun Hydraulics Proporcionales 520,Comandos Direccionales,Proporcionales,Sun Hydraulics,Hydroline Andina,1685949.0,1362247.0,1,
SKU-00787,Bucher Hydraulics Proporcionales 197,Válvulas,Proporcionales,Bucher Hydraulics,Hydroline Andina,577212.0,395390.0,5,6.0
SKU-00788,Calzoni Adaptadores 804,Accesorios y Acoples,Adaptadores,Calzoni,Industrial Flow Partners,231516.0,148402.0,1,36.0
SKU-00789,Poclain Alta Presión 113,Filtros,Alta Presión,Poclain,Tecfluid Norte,9977.0,5667.0,1,24.0
SKU-00790,Brevini Direccionales Múltiples 610,Comandos Direccionales,Direccionales Múltiples,Brevini,Hydroline Andina,855060.0,631889.0,1,
SKU-00791,Denison Direccional 436,Válvulas,Direccional,Denison,Andes Motion,183399.0,149287.0,5,18.0
SKU-00792,KTR Reductores Planetarios 868,Mandos Finales,Reductores Planetarios,KTR,Industrial Flow Partners,6466190.0,5787240.0,2,36.0
SKU-00793,KTR Paleta 812,Bombas Hidráulicas,Paleta,KTR,Tecfluid Norte,1203783.0,955804.0,5,6.0
SKU-00794,Brevini Microcontroladores 297,Control y Electrónica,Microcontroladores,Brevini,Andes Motion,649693.0,515856.0,1,18.0
SKU-00795,Argo Hytos Paleta 536,Bombas Hidráulicas,Paleta,Argo Hytos,Maestranza Integral,549153.0,431085.0,1,6.0
SKU-00796,Webtec Displays 559,Control y Electrónica,Displays,Webtec,Maestranza Integral,879925.0,691621.0,1,12.0
SKU-00797,Olaer Planetarios 617,Winches,Planetarios,Olaer,Andes Motion,940088.0,736089.0,1,18.0
SKU-00798,Denison Tomas de Fuerza 666,Accesorios y Acoples,Tomas de Fuerza,Denison,Andes Motion,9854.0,7006.0,5,24.0
SKU-00799,Olaer Microcontroladores 239,Control y Electrónica,Microcontroladores,Olaer,Andes Motion,583199.0,440898.0,5,18.0
SKU-00800,Argo Hytos Displays 525,Control y Electrónica,Displays,Argo Hytos,Maestranza Integral,1103552.0,903809.0,2,18.0
